ID,Field_10_0_0_44649_001,CraftingDifficultyID,CraftedItemID,ItemBonusTreeID,CraftingDifficulty,Field_10_0_0_44649_005,CraftSkillBonusPercent,ReCraftSkillBonusPercent,InspirationSkillBonusPercent,Field_10_0_0_44649_009,Field_10_0_0_45141_011,FirstCraftFlagQuestID,FirstCraftTreasureID,CraftedTreasureID
1,0,1,0,0,30,0,0,0,0,0,0,0,0,0
2,0,1,0,0,325,0,0,0,0,0,0,71352,115755,0
6,0,2,192081,3535,325,0,0,0,0,0,0,71303,115754,0
7,0,1,0,0,325,0,0,0,0,0,0,71353,110591,0
8,0,1,0,0,325,0,0,0,0,0,0,71354,110591,0
9,0,1,0,0,200,0,0,0,0,0,0,71355,110591,0
10,0,2,189182,0,325,0,0,0,0,0,0,0,0,0
14,0,1,0,0,400,0,0,0,0,0,0,71264,115752,0
31,0,1,0,0,400,0,0,0,0,0,0,71265,115752,0
58,0,1,0,0,450,0,0,0,0,0,0,71266,115752,0
63,0,1,0,0,450,0,0,0,0,0,0,71267,115752,0
64,0,1,0,0,400,0,0,0,0,0,0,71268,115752,0
65,0,1,0,0,400,0,0,0,0,0,0,71269,115752,0
66,0,1,0,0,400,0,0,0,0,0,0,71270,115752,0
71,0,1,0,0,300,0,0,0,0,0,0,71271,113706,0
74,0,1,0,0,400,0,0,0,0,0,0,71274,113706,0
75,0,1,0,0,400,0,0,0,0,0,0,71275,113706,0
76,0,1,0,0,200,0,0,0,0,0,0,71272,113706,0
77,0,1,0,0,200,0,0,0,0,0,0,71276,113706,0
78,0,1,0,0,400,0,0,0,0,0,0,71277,113706,0
80,0,1,0,0,450,0,0,0,0,0,0,71278,115752,0
82,0,1,0,0,450,0,0,0,0,0,0,71279,113706,0
83,0,1,0,0,400,0,0,0,0,0,0,71280,115752,0
84,0,1,0,0,450,0,0,0,0,0,0,71281,115752,0
85,0,1,0,0,450,0,0,0,0,0,0,71282,115752,0
86,0,1,0,0,400,0,0,0,0,0,0,71283,115752,0
87,0,1,0,0,450,0,0,0,0,0,0,71284,115752,0
88,0,1,0,0,40,0,0,0,0,0,0,71285,113706,0
89,0,1,0,0,450,0,0,0,0,0,0,71286,115752,0
90,0,1,0,0,60,0,0,0,0,0,0,71287,115753,0
91,0,1,0,0,425,0,0,0,0,0,0,71288,115752,0
93,0,1,0,0,150,0,0,0,0,0,0,71291,113706,0
94,0,1,0,0,150,0,0,0,0,0,0,71292,113706,0
95,0,1,0,0,150,0,0,0,0,0,0,71293,113706,0
97,0,1,0,0,425,0,40,0,0,0,0,71296,115752,0
98,0,1,0,0,450,0,40,0,0,0,0,71295,115752,0
99,0,1,0,0,300,0,0,0,0,0,0,71247,113706,0
101,0,1,0,0,275,0,0,0,0,0,0,71249,115753,0
102,0,1,0,0,325,0,0,0,0,0,0,71248,115753,0
103,0,1,0,0,300,0,0,0,0,0,0,71261,115752,0
104,0,1,0,0,250,0,0,0,0,0,0,71260,113706,0
105,0,1,0,0,250,0,0,0,0,0,0,71259,113706,0
106,0,1,0,0,150,0,0,0,0,0,0,71289,113706,0
107,0,1,0,0,300,0,0,0,0,0,0,71254,115753,0
108,0,1,0,0,300,0,0,0,0,0,0,71255,115753,0
109,0,1,0,0,60,0,0,0,0,0,0,71256,113706,0
110,0,1,0,0,300,0,0,0,0,0,0,71257,115753,0
111,0,1,0,0,300,0,0,0,0,0,0,71258,115753,0
114,0,1,0,0,325,0,0,0,0,0,0,71263,113706,0
115,0,1,0,0,325,0,0,0,0,0,0,71262,113706,0
116,0,0,190321,0,0,0,0,0,0,0,0,71299,115753,0
118,0,0,190329,0,0,0,0,0,0,0,0,71300,115753,0
119,0,0,190316,0,0,0,0,0,0,0,0,71298,115753,0
120,0,0,190327,0,0,0,0,0,0,0,0,71297,115753,0
121,0,2,190519,3535,325,0,0,0,0,0,0,71309,115754,0
122,0,2,190503,3535,280,0,0,0,0,0,0,71304,115754,0
123,0,2,190514,3535,300,0,0,0,0,0,0,71381,115754,0
124,0,2,191241,3728,80,0,0,0,0,0,0,71363,115755,0
125,0,2,191240,3728,80,0,0,0,0,0,0,71369,115755,0
126,0,2,191242,3728,80,0,0,0,0,0,0,71367,115755,0
127,0,2,191238,3728,80,0,0,0,0,0,0,71365,115755,0
128,0,2,191234,3728,80,0,0,0,0,0,0,71584,115761,0
129,0,2,191233,3728,80,0,0,0,0,0,0,71586,115761,0
130,0,2,191237,3728,80,0,0,0,0,0,0,71361,115755,0
131,0,2,191239,3728,80,0,0,0,0,0,0,71349,115755,0
132,0,1,0,0,325,0,0,0,0,0,0,71358,115755,0
133,0,1,0,0,325,0,0,0,0,0,0,71359,110591,0
134,0,2,191236,3728,80,0,0,0,0,0,0,71347,115755,0
135,0,2,191235,3728,80,0,0,0,0,0,0,71345,115755,0
136,0,2,191224,3728,425,0,0,0,0,0,0,71364,115754,0
137,0,2,191231,3728,375,0,0,0,0,0,0,71585,115760,0
138,0,2,191888,3728,425,0,0,0,0,0,0,71362,115754,0
139,0,2,191232,3728,375,0,0,0,0,0,0,71587,115760,0
140,0,2,191223,3728,425,0,0,0,0,0,0,71368,115754,0
141,0,2,191227,3728,425,0,0,0,0,0,0,71366,115754,0
144,0,2,191226,3728,400,0,0,0,0,0,0,71350,115754,0
145,0,2,191225,3728,425,0,0,0,0,0,0,71370,115754,0
146,0,2,191229,3728,400,0,0,0,0,0,0,71348,115754,0
147,0,2,191228,3728,450,0,0,0,0,0,0,71360,115754,0
148,0,2,191230,3728,400,0,0,0,0,0,0,71346,115754,0
153,0,0,191256,0,0,0,0,0,0,0,0,71344,115755,0
154,0,0,191260,0,0,0,0,0,0,0,0,71357,115755,0
155,0,1,0,0,300,0,0,0,0,0,0,71356,110591,0
156,0,0,191886,0,0,0,0,0,0,0,0,71351,110591,0
157,0,2,190523,3535,325,0,0,0,0,0,0,71305,115754,0
158,0,2,191623,3535,325,0,0,0,0,0,0,71306,115754,0
159,0,2,190522,3535,325,0,0,0,0,0,0,71308,115754,0
160,0,2,191985,3535,325,0,0,0,0,0,0,71307,115754,0
161,0,2,190526,3535,325,0,0,0,0,0,0,71310,115754,0
162,0,2,190520,3535,325,0,0,0,0,0,0,71312,110591,0
163,0,2,190521,3535,325,0,0,0,0,0,0,71311,110591,0
164,0,2,189538,3534,40,0,0,0,0,0,0,71313,115755,0
165,0,2,189537,3534,40,0,0,0,0,0,0,71314,115755,0
166,0,2,189539,3534,40,0,0,0,0,0,0,71315,115755,0
167,0,2,190495,3535,280,0,0,0,0,0,0,71316,115754,0
168,0,2,190496,3535,280,0,0,0,0,0,0,71317,115754,0
169,0,2,190497,3535,280,0,0,0,0,0,0,71318,115754,0
170,0,2,190498,3535,280,0,0,0,0,0,0,71319,115754,0
171,0,2,190499,3535,280,0,0,0,0,0,0,71320,115754,0
172,0,2,190500,3535,280,0,0,0,0,0,0,71321,115754,0
173,0,2,190501,3535,280,0,0,0,0,0,0,71322,115754,0
174,0,2,190502,3535,280,0,0,0,0,0,0,71323,115754,0
175,0,2,190487,3534,60,0,0,0,0,0,0,71332,115755,0
176,0,2,190484,3534,60,0,0,0,0,0,0,71333,115755,0
177,0,2,190486,3534,60,0,0,0,0,0,0,71334,110591,0
178,0,2,190482,3534,60,0,0,0,0,0,0,71335,110591,0
179,0,2,190483,3534,60,0,0,0,0,0,0,71336,115755,0
180,0,2,190485,3534,60,0,0,0,0,0,0,71337,115755,0
181,0,2,190512,3535,300,0,0,0,0,0,0,71374,115754,0
182,0,2,190518,3535,300,0,0,0,0,0,0,71375,115754,0
183,0,2,190517,3535,300,0,0,0,0,0,0,71376,115754,0
184,0,2,190516,3535,300,0,0,0,0,0,0,71377,115754,0
185,0,2,190513,3535,300,0,0,0,0,0,0,71378,115754,0
186,0,2,190515,3535,300,0,0,0,0,0,0,71379,115754,0
187,0,2,190511,3535,300,0,0,0,0,0,0,71380,115754,0
188,0,2,190509,3535,300,0,0,0,0,0,0,71382,115754,0
189,0,2,190507,3535,300,0,0,0,0,0,0,71383,115754,0
190,0,2,190510,3535,300,0,0,0,0,0,0,71384,115754,0
191,0,2,190506,3535,300,0,0,0,0,0,0,71385,115754,0
192,0,2,190505,3535,300,0,0,0,0,0,0,71386,115754,0
193,0,2,190508,3535,300,0,0,0,0,0,0,71387,115754,0
194,0,2,191935,0,300,0,0,0,0,0,0,0,0,0
195,0,1,0,0,325,0,0,0,0,0,0,71341,110591,0
196,0,1,0,0,325,0,0,0,0,0,0,71340,115755,0
197,0,1,0,0,325,0,0,0,0,0,0,71338,110591,0
198,0,1,0,0,325,0,0,0,0,0,0,71339,110591,0
200,0,2,191491,3535,275,0,0,0,0,0,0,71245,115752,0
201,0,2,191492,3535,275,0,0,0,0,0,0,71246,115752,0
202,1,1,0,0,325,20,50,0,40,0,0,0,0,110883
203,1,1,0,0,325,0,0,0,0,0,0,71251,113706,114212
204,1,1,0,0,325,0,0,0,0,0,0,71250,115753,114212
205,1,1,0,0,325,0,0,0,0,0,0,71253,113706,114213
206,1,1,0,0,325,0,0,0,0,0,0,71252,115753,114213
214,0,1,0,0,60,0,0,0,0,0,0,71625,115763,0
215,0,1,0,0,60,0,0,0,0,0,0,71626,115763,0
216,0,1,0,0,60,0,0,0,0,0,0,71623,115763,0
217,0,1,0,0,60,0,0,0,0,0,0,71624,115763,0
218,0,1,0,0,150,0,0,0,0,0,0,71622,115763,0
219,0,1,0,0,325,0,0,0,0,0,0,71639,113711,0
220,0,1,0,0,325,0,0,0,0,0,0,71640,113711,0
221,0,1,0,0,325,0,0,0,0,0,0,71642,113711,0
222,0,1,0,0,325,0,0,0,0,0,0,71641,113711,0
223,0,1,0,0,325,0,0,0,0,0,0,71645,113711,0
224,0,1,0,0,325,0,0,0,0,0,0,71643,113711,0
225,0,1,0,0,325,0,0,0,0,0,0,71644,113711,0
226,0,1,0,0,325,0,0,0,0,0,0,71646,113711,0
227,0,1,0,0,325,0,0,0,0,0,0,71633,113711,0
228,0,1,0,0,325,0,0,0,0,0,0,71632,113711,0
229,0,1,0,0,325,0,0,0,0,0,0,71634,113711,0
230,0,1,0,0,325,0,0,0,0,0,0,71631,113711,0
231,0,1,0,0,325,0,0,0,0,0,0,71637,113711,0
232,0,1,0,0,325,0,0,0,0,0,0,71635,113711,0
233,0,1,0,0,325,0,0,0,0,0,0,71638,113711,0
234,0,1,0,0,325,0,0,0,0,0,0,71636,113711,0
235,0,1,0,0,300,0,0,0,0,0,0,71629,113711,0
236,0,1,0,0,300,0,0,0,0,0,0,71627,113711,0
237,0,1,0,0,300,0,0,0,0,0,0,71628,113711,0
238,0,1,0,0,300,0,0,0,0,0,0,71630,113711,0
239,0,1,0,0,375,0,0,0,0,0,0,71619,115762,0
240,0,1,0,0,375,0,0,0,0,0,0,71617,115762,0
241,0,1,0,0,375,0,0,0,0,0,0,71618,115762,0
242,0,1,0,0,375,0,0,0,0,0,0,71620,115762,0
243,0,1,0,0,275,0,0,0,0,0,0,71657,115762,0
245,0,1,0,0,200,0,0,0,0,0,0,71672,115763,0
246,0,1,0,0,300,0,0,0,0,0,0,71673,115763,0
247,0,1,0,0,300,0,0,0,0,0,0,71675,115763,0
248,0,1,0,0,200,0,0,0,0,0,0,71676,115763,0
249,0,1,0,0,225,0,0,0,0,0,0,71647,113711,0
250,0,1,0,0,275,0,0,0,0,0,0,71648,113711,0
251,0,2,193003,3535,325,0,0,0,0,0,0,71681,115762,0
252,0,2,193004,3535,325,0,0,0,0,0,0,71682,115762,0
253,0,2,193005,3535,325,0,0,0,0,0,0,71679,115762,0
254,0,2,193006,3535,325,0,0,0,0,0,0,71680,115762,0
255,0,2,192996,3534,40,0,0,0,0,0,0,71602,115763,0
256,0,2,192997,3534,120,0,0,0,0,0,0,71609,113711,0
257,0,2,192998,3534,120,0,0,0,0,0,0,71608,113711,0
258,0,2,192999,3535,280,0,0,0,0,0,0,71605,115762,0
259,0,2,193000,3535,315,0,0,0,0,0,0,71606,115762,0
260,0,2,193001,3535,315,0,0,0,0,0,0,71603,115762,0
261,0,2,193002,3535,315,0,0,0,0,0,0,71604,115762,0
262,0,1,0,0,300,0,0,0,0,0,0,71613,113711,0
263,0,1,0,0,250,0,0,0,0,0,0,71612,113711,0
264,0,1,0,0,300,0,0,0,0,0,0,71610,113711,0
265,0,1,0,0,375,0,0,0,0,0,0,71614,113711,0
266,0,0,193887,0,0,0,0,0,0,0,0,71670,113711,0
267,0,0,193886,0,0,0,0,0,0,0,0,71671,113711,0
268,0,0,193888,0,0,0,0,0,0,0,0,71668,113711,0
269,0,0,193889,0,0,0,0,0,0,0,0,71669,113711,0
270,0,0,193885,0,0,0,0,0,0,0,0,71667,113711,0
271,0,1,0,0,225,0,0,0,0,0,0,71650,113711,0
272,0,0,193032,0,0,0,0,0,0,0,0,71677,113711,0
273,0,0,193033,0,0,0,0,0,0,0,0,71678,113711,0
274,0,0,193034,0,0,0,0,0,0,0,0,71649,113711,0
275,0,2,193035,3728,80,0,0,0,0,0,0,71661,115763,0
276,0,2,193036,3728,80,0,0,0,0,0,0,71662,115763,0
277,0,2,193037,3728,275,0,0,0,0,0,0,71665,115763,0
278,0,2,193038,3728,275,0,0,0,0,0,0,71659,115763,0
279,0,2,193039,3728,325,0,0,0,0,0,0,71663,115762,0
280,0,2,193040,3728,325,0,0,0,0,0,0,71664,115762,0
281,0,2,193041,3728,325,0,0,0,0,0,0,71666,115762,0
282,0,2,193042,3728,325,0,0,0,0,0,0,71660,115762,0
283,0,1,0,0,250,0,0,0,0,0,0,71656,113711,0
284,0,1,0,0,250,0,0,0,0,0,0,71655,113711,0
285,0,1,0,0,250,0,0,0,0,0,0,71652,113711,0
286,0,1,0,0,250,0,0,0,0,0,0,71651,113711,0
287,0,1,0,0,250,0,0,0,0,0,0,71653,113711,0
288,0,0,192893,0,0,0,0,0,0,0,0,71654,115762,0
289,0,1,0,0,275,0,0,0,0,0,0,71674,113711,0
290,2,1,0,0,100,10,50,0,50,0,0,0,0,0
291,2,1,0,0,265,0,0,0,0,0,0,0,0,0
292,0,0,193371,0,0,0,0,0,0,0,0,71615,113711,0
294,0,2,193399,3535,280,0,0,0,0,0,0,71707,115764,0
295,0,2,193466,3535,415,0,0,0,0,0,0,71715,115764,0
296,0,2,193487,3728,80,0,0,0,0,0,0,71683,113712,0
297,0,2,193459,3535,415,0,0,0,0,0,0,71720,115764,0
298,0,1,0,0,350,0,0,0,0,0,0,71757,113712,0
299,0,2,193612,3728,80,0,0,0,0,0,0,71744,113712,0
300,0,1,0,0,375,0,0,0,0,0,0,71762,115765,0
301,0,1,0,0,375,0,0,0,0,0,0,71766,115765,0
302,0,2,193464,3535,450,0,0,0,0,0,0,71740,115764,0
303,0,2,193462,3535,415,0,0,0,0,0,0,71717,115764,0
304,0,2,193461,3535,415,0,0,0,0,0,0,71716,115764,0
305,0,1,0,0,300,0,0,0,0,0,0,71761,113712,0
307,0,1,0,0,300,0,0,0,0,0,0,71763,113712,0
308,0,1,0,0,375,0,0,0,0,0,0,71764,115765,0
309,0,2,193485,3728,80,0,0,0,0,0,0,71749,115765,0
310,0,2,193492,3728,275,0,0,0,0,0,0,71756,115764,0
311,0,1,0,0,350,0,0,0,0,0,0,71758,113712,0
312,0,0,193470,0,300,0,0,0,0,0,0,71746,115765,0
313,0,2,193494,3535,415,0,0,0,0,0,0,71702,115764,0
314,0,1,0,0,375,0,0,0,0,0,0,71765,115765,0
315,0,1,0,0,375,0,0,0,0,0,0,71742,113712,0
316,0,0,193476,0,0,0,0,0,0,0,0,71772,113712,0
317,0,2,193407,3535,280,0,0,0,0,0,0,71712,115764,0
318,0,2,193419,3535,280,0,0,0,0,0,0,71713,115764,0
319,0,2,193398,3535,280,0,0,0,0,0,0,71706,115764,0
320,0,2,193400,3535,280,0,0,0,0,0,0,71709,115764,0
321,0,2,193418,3535,280,0,0,0,0,0,0,71708,115764,0
322,0,2,193406,3535,280,0,0,0,0,0,0,71711,115764,0
323,0,2,193408,3535,280,0,0,0,0,0,0,71710,115764,0
324,0,2,193453,3535,415,0,0,0,0,0,0,71692,115764,0
325,0,2,193479,3728,80,0,0,0,0,0,0,71751,115765,0
326,0,2,193434,3534,120,0,0,0,0,0,0,71700,113712,0
327,0,2,193437,3534,120,0,0,0,0,0,0,71701,113712,0
328,0,2,193430,3534,120,0,0,0,0,0,0,71694,113712,0
329,0,2,193432,3534,120,0,0,0,0,0,0,71697,113712,0
330,0,2,193431,3534,120,0,0,0,0,0,0,71695,113712,0
331,0,2,193436,3534,120,0,0,0,0,0,0,71696,113712,0
332,0,2,193433,3534,120,0,0,0,0,0,0,71699,113712,0
333,0,2,193435,3534,120,0,0,0,0,0,0,71698,113712,0
334,0,2,193388,3534,40,0,0,0,0,0,0,72569,115765,0
335,0,2,193386,3534,40,0,0,0,0,0,0,71704,115765,0
336,0,2,193390,3534,40,0,0,0,0,0,0,71703,115765,0
337,0,2,193449,3535,280,0,0,0,0,0,0,71775,115764,0
338,0,2,193615,3728,80,0,0,0,0,0,0,71753,115765,0
339,0,2,193486,3728,80,0,0,0,0,0,0,71755,115765,0
340,0,2,193493,3728,275,0,0,0,0,0,0,71684,115764,0
341,0,2,193613,3728,275,0,0,0,0,0,0,71745,115764,0
342,0,2,193491,3728,275,0,0,0,0,0,0,71750,115764,0
343,0,2,193488,3728,275,0,0,0,0,0,0,71752,115764,0
344,0,2,193616,3728,275,0,0,0,0,0,0,71754,115764,0
345,0,2,193489,3728,275,0,0,0,0,0,0,71768,115764,0
346,0,2,193490,3728,275,0,0,0,0,0,0,71770,115764,0
347,0,1,0,0,375,0,0,0,0,0,0,71760,115765,0
348,0,2,193454,3535,415,0,0,0,0,0,0,71691,115764,0
350,0,2,193425,3535,280,0,0,0,0,0,0,71738,115764,0
351,0,2,193428,3535,280,0,0,0,0,0,0,71739,115764,0
352,0,2,193421,3535,280,0,0,0,0,0,0,71732,115764,0
353,0,2,193423,3535,280,0,0,0,0,0,0,71735,115764,0
354,0,2,193422,3535,280,0,0,0,0,0,0,71733,115764,0
355,0,2,193427,3535,280,0,0,0,0,0,0,71734,115764,0
356,0,2,193424,3535,280,0,0,0,0,0,0,71737,115764,0
357,0,2,193426,3535,280,0,0,0,0,0,0,71736,115764,0
359,0,1,0,0,150,0,0,0,0,0,0,71743,115765,0
360,0,2,193475,3534,280,0,0,0,0,0,0,71774,113712,0
361,0,2,193495,3535,280,0,0,0,0,0,0,71776,113712,0
362,0,2,193393,3534,40,0,0,0,0,0,0,71731,115765,0
363,0,2,193392,3534,40,0,0,0,0,0,0,71730,115765,0
364,0,2,193465,3535,415,0,0,0,0,0,0,71718,115764,0
365,0,2,193394,3534,40,0,0,0,0,0,0,71729,115765,0
366,0,2,193443,3534,120,0,0,0,0,0,0,71727,113712,0
367,0,2,193446,3534,120,0,0,0,0,0,0,71728,113712,0
368,0,2,193439,3534,120,0,0,0,0,0,0,71721,113712,0
369,0,2,193441,3534,120,0,0,0,0,0,0,71724,113712,0
370,0,2,193440,3534,120,0,0,0,0,0,0,71722,113712,0
371,0,2,193445,3534,120,0,0,0,0,0,0,71723,113712,0
372,0,2,193442,3534,120,0,0,0,0,0,0,71726,113712,0
373,0,2,193444,3534,120,0,0,0,0,0,0,71725,113712,0
374,0,2,193482,3728,80,0,0,0,0,0,0,71769,115765,0
375,0,2,193480,3728,80,0,0,0,0,0,0,71767,115765,0
376,0,2,193451,3535,415,0,0,0,0,0,0,71686,115764,0
377,0,2,193458,3535,415,0,0,0,0,0,0,71693,115764,0
378,0,1,0,0,375,0,0,0,0,0,0,71759,115765,0
379,0,2,193457,3535,415,0,0,0,0,0,0,71690,115764,0
380,0,2,193383,3534,60,0,0,0,0,0,0,71777,113712,0
381,0,1,0,0,375,0,0,0,0,0,0,71741,113712,0
382,0,2,193456,3535,415,0,0,0,0,0,0,71689,115764,0
383,0,2,193452,3535,415,0,0,0,0,0,0,71687,115764,0
384,0,0,193478,0,0,0,0,0,0,0,0,71773,113712,0
385,0,2,193455,3535,415,0,0,0,0,0,0,71688,115764,0
386,0,2,193460,3535,415,0,0,0,0,0,0,71714,115764,0
387,0,2,193463,3535,415,0,0,0,0,0,0,71719,115764,0
388,0,2,193496,3535,275,0,0,0,0,0,0,71685,115764,0
392,2,0,0,0,0,0,0,0,0,0,0,0,0,0
396,0,0,193893,0,0,0,0,0,0,0,0,0,0,0
397,0,0,193894,0,0,0,0,0,0,0,0,0,0,0
398,0,0,193895,0,0,0,0,0,0,0,0,0,0,0
399,0,0,193896,0,0,0,0,0,0,0,0,0,0,0
400,0,2,194082,3534,60,0,0,0,0,0,0,71607,115763,0
402,0,2,193530,3535,400,0,0,0,0,0,0,71783,115766,0
403,0,2,193526,3535,400,0,0,0,0,0,0,71779,115766,0
404,0,2,193520,3535,400,0,0,0,0,0,0,71788,115766,0
405,0,2,193536,3535,400,0,0,0,0,0,0,71786,115766,0
406,0,2,193525,3535,400,0,0,0,0,0,0,71787,115766,0
407,0,2,193513,3535,400,0,0,0,0,0,0,71780,115766,0
408,0,2,193524,3535,400,0,0,0,0,0,0,71781,115766,0
409,0,2,193531,3535,400,0,0,0,0,0,0,71784,113715,0
410,0,2,193532,3535,400,0,0,0,0,0,0,71782,115766,0
411,0,2,193535,3535,400,0,0,0,0,0,0,71785,113715,0
412,0,2,193527,3535,400,0,0,0,0,0,0,71789,115766,0
413,0,2,193537,3535,400,0,0,0,0,0,0,71790,115766,0
414,0,2,193512,3535,400,0,0,0,0,0,0,71791,115766,0
415,0,2,193505,3534,120,0,0,0,0,0,0,71813,113715,0
416,0,2,193522,3534,120,0,0,0,0,0,0,71805,113715,0
417,0,2,193507,3534,120,0,0,0,0,0,0,71808,113715,0
418,0,2,193506,3534,120,0,0,0,0,0,0,71809,113715,0
419,0,2,193501,3534,120,0,0,0,0,0,0,71810,113715,0
420,0,2,193517,3534,120,0,0,0,0,0,0,71812,113715,0
421,0,2,193502,3534,120,0,0,0,0,0,0,71811,113715,0
422,0,2,193503,3534,120,0,0,0,0,0,0,71807,113715,0
423,0,2,193514,3534,120,0,0,0,0,0,0,71806,113715,0
424,0,2,193540,3728,475,0,0,0,0,0,0,71832,115766,0
425,0,2,193497,3534,40,0,0,0,0,0,0,71795,115767,0
426,0,2,193515,3534,40,0,0,0,0,0,0,71793,115767,0
427,0,2,193498,3534,40,0,0,0,0,0,0,71794,115767,0
428,0,2,193500,3534,60,0,0,0,0,0,0,71792,115767,0
429,0,2,193521,3535,400,0,0,0,0,0,0,71778,115766,0
430,0,2,193609,3534,120,0,0,0,0,0,0,71331,110591,0
431,0,2,193602,3534,120,0,0,0,0,0,0,71324,110591,0
432,0,2,193604,3534,120,0,0,0,0,0,0,71326,110591,0
433,0,2,193606,3534,120,0,0,0,0,0,0,71328,110591,0
434,0,2,193605,3534,120,0,0,0,0,0,0,71327,110591,0
435,0,2,193607,3534,120,0,0,0,0,0,0,71329,110591,0
436,0,2,193603,3534,120,0,0,0,0,0,0,71325,110591,0
437,0,2,193608,3534,120,0,0,0,0,0,0,71330,110591,0
438,0,2,193544,3728,400,0,0,0,0,0,0,71830,115766,0
439,0,2,193545,3728,400,0,0,0,0,0,0,71834,115766,0
440,0,2,193533,3728,400,0,0,0,0,0,0,71836,115766,0
441,0,2,193543,3728,400,0,0,0,0,0,0,71838,115766,0
442,0,2,193542,3728,400,0,0,0,0,0,0,71840,115766,0
443,0,2,193516,3535,280,0,0,0,0,0,0,71803,115766,0
444,0,2,193504,3535,280,0,0,0,0,0,0,71799,115766,0
445,0,2,193523,3535,280,0,0,0,0,0,0,71800,115766,0
446,0,2,193511,3535,280,0,0,0,0,0,0,71796,115766,0
447,0,2,193508,3535,280,0,0,0,0,0,0,71802,115766,0
448,0,2,193518,3535,280,0,0,0,0,0,0,71801,115766,0
449,0,2,193519,3535,280,0,0,0,0,0,0,71798,115766,0
450,0,2,193509,3535,280,0,0,0,0,0,0,71797,115766,0
451,0,2,193510,3535,280,0,0,0,0,0,0,71804,115766,0
452,0,2,193528,3728,80,0,0,0,0,0,0,71829,115767,0
453,0,2,193534,3728,80,0,0,0,0,0,0,71833,115767,0
454,0,2,193539,3728,80,0,0,0,0,0,0,71835,113715,0
455,0,2,193529,3728,80,0,0,0,0,0,0,71837,115767,0
456,0,2,193538,3728,80,0,0,0,0,0,0,71839,115767,0
457,0,2,193541,3728,80,0,0,0,0,0,0,71831,115767,0
458,0,1,0,0,200,0,0,0,0,0,0,71819,113715,0
459,0,1,0,0,425,0,0,0,0,0,0,71842,113715,0
460,0,0,194018,0,0,0,0,0,0,0,0,71815,113715,0
461,0,1,0,0,200,0,0,0,0,0,0,71821,115767,0
462,0,1,0,0,200,0,0,0,0,0,0,71845,113715,0
463,0,1,0,0,325,0,0,0,0,0,0,71827,113715,0
464,0,1,0,0,325,0,0,0,0,0,0,71828,113715,0
465,0,1,0,0,425,0,0,0,0,0,0,71843,113715,0
466,0,0,194020,0,0,0,0,0,0,0,0,71847,113715,0
467,0,0,194058,0,0,0,0,0,0,0,0,71853,113715,0
468,0,0,194057,0,0,0,0,0,0,0,0,71852,113715,0
469,0,0,194056,0,0,0,0,0,0,0,0,71850,113715,0
470,0,1,0,0,325,0,0,0,0,0,0,71817,113715,0
471,0,1,0,0,325,0,0,0,0,0,0,71818,113715,0
472,0,0,194060,0,0,0,0,0,0,0,0,71855,113715,0
473,0,0,194052,0,0,0,0,0,0,0,0,71851,113715,0
474,0,1,0,0,425,0,0,0,0,0,0,71825,115766,0
475,0,1,0,0,300,0,0,0,0,0,0,71823,115767,0
476,0,0,194019,0,0,0,0,0,0,0,0,71846,115767,0
477,0,1,0,0,425,0,0,0,0,0,0,71826,115766,0
478,0,0,194059,0,0,0,0,0,0,0,0,71854,113715,0
479,0,1,0,0,300,0,0,0,0,0,0,71822,115767,0
480,0,1,0,0,300,0,0,0,0,0,0,71820,113715,0
481,0,1,0,0,150,0,0,0,0,0,0,71824,113715,0
482,0,1,0,0,300,0,0,0,0,0,0,71844,113715,0
483,0,0,194017,0,0,0,0,0,0,0,0,71814,113715,0
484,0,1,0,0,40,0,0,0,0,0,0,71816,115767,0
485,0,1,0,0,60,0,0,0,0,0,0,71841,115767,0
486,0,0,194051,0,0,0,0,0,0,0,0,71856,113715,0
487,1,0,0,0,0,0,0,0,0,0,0,71848,113715,111811
488,1,0,0,0,0,0,0,0,0,0,0,71849,113715,111812
489,2,1,0,0,225,0,0,0,0,0,0,0,0,0
490,0,1,0,0,375,0,0,0,0,0,0,71621,113711,0
491,0,0,194428,0,0,0,0,0,0,0,0,71658,113711,0
494,0,0,194541,0,0,0,0,0,0,0,0,71343,110591,0
495,0,0,194542,0,0,0,0,0,0,0,0,71342,110591,0
496,0,1,0,0,250,0,0,0,0,0,0,71611,113711,0
499,0,7,194714,0,50,10,200,0,10,0,0,0,0,0
500,0,0,194748,0,0,0,0,0,0,0,0,71616,113711,0
501,0,0,194902,0,0,0,0,0,0,0,0,0,0,0
502,0,1,0,0,200,0,0,0,0,0,0,71273,115753,0
503,0,0,197756,0,0,0,0,0,0,0,0,0,0,0
504,0,0,197757,0,0,0,0,0,0,0,0,0,0,0
505,0,0,197758,0,0,0,0,0,0,0,0,0,0,0
506,0,0,197759,0,0,0,0,0,0,0,0,0,0,0
507,0,0,197760,0,0,0,0,0,0,0,0,0,0,0
508,0,0,197761,0,0,0,0,0,0,0,0,0,0,0
509,0,0,197762,0,0,0,0,0,0,0,0,0,0,0
510,0,0,197763,0,0,0,0,0,0,0,0,0,0,0
511,0,0,197764,0,0,0,0,0,0,0,0,0,0,0
512,0,0,197765,0,0,0,0,0,0,0,0,0,0,0
513,0,0,197766,0,0,0,0,0,0,0,0,0,0,0
514,0,0,197767,0,0,0,0,0,0,0,0,0,0,0
515,0,0,197768,0,0,0,0,0,0,0,0,0,0,0
516,0,0,197769,0,0,0,0,0,0,0,0,0,0,0
517,0,0,197770,0,0,0,0,0,0,0,0,0,0,0
518,0,0,197771,0,0,0,0,0,0,0,0,0,0,0
519,0,0,197772,0,0,0,0,0,0,0,0,0,0,0
520,0,0,197773,0,0,0,0,0,0,0,0,0,0,0
521,0,0,197774,0,0,0,0,0,0,0,0,0,0,0
522,0,0,197775,0,0,0,0,0,0,0,0,0,0,0
523,0,0,197776,0,0,0,0,0,0,0,0,0,0,0
524,0,0,197777,0,0,0,0,0,0,0,0,0,0,0
525,0,0,197778,0,0,0,0,0,0,0,0,0,0,0
526,0,0,197779,0,0,0,0,0,0,0,0,0,0,0
527,0,0,197780,0,0,0,0,0,0,0,0,0,0,0
528,0,0,197781,0,0,0,0,0,0,0,0,0,0,0
529,0,0,197782,0,0,0,0,0,0,0,0,0,0,0
530,0,0,197783,0,0,0,0,0,0,0,0,0,0,0
531,0,0,197784,0,0,0,0,0,0,0,0,0,0,0
532,0,0,197785,0,0,0,0,0,0,0,0,0,0,0
533,0,0,197786,0,0,0,0,0,0,0,0,0,0,0
534,0,0,197787,0,0,0,0,0,0,0,0,0,0,0
535,0,0,197788,0,0,0,0,0,0,0,0,0,0,0
536,0,0,197789,0,0,0,0,0,0,0,0,0,0,0
537,0,0,197790,0,0,0,0,0,0,0,0,0,0,0
538,0,0,197791,0,0,0,0,0,0,0,0,0,0,0
539,0,0,197792,0,0,0,0,0,0,0,0,0,0,0
540,0,0,197793,0,0,0,0,0,0,0,0,0,0,0
541,0,0,197794,0,0,0,0,0,0,0,0,0,0,0
542,0,0,197795,0,0,0,0,0,0,0,0,0,0,0
544,0,1,0,0,150,0,0,0,0,0,0,71529,115761,0
545,0,0,197719,0,0,0,0,0,0,0,0,71771,113712,0
546,2,0,0,0,0,0,0,0,0,0,0,0,0,0
547,0,0,197736,0,0,0,0,0,0,0,0,71747,113712,0
548,0,0,197735,0,0,0,0,0,0,0,0,71748,113712,0
550,2,1,0,0,250,0,0,0,0,0,0,0,0,0
551,1,0,0,0,0,0,0,0,0,0,0,71302,115753,110521
552,1,0,0,0,0,0,0,0,0,0,0,71301,115753,110827
553,0,0,198401,0,0,0,0,0,0,0,0,0,0,0
554,0,0,198403,0,0,0,0,0,0,0,0,0,0,0
555,0,0,198404,0,0,0,0,0,0,0,0,0,0,0
556,0,0,193906,0,0,0,0,0,0,0,0,0,0,0
557,2,0,0,0,0,0,0,0,0,0,0,0,0,0
558,0,2,198322,3535,320,0,0,0,0,0,0,71440,115758,0
559,0,2,198327,3535,320,0,0,0,0,0,0,71445,115758,0
560,0,2,198332,3535,320,0,0,0,0,0,0,71450,115758,0
561,0,2,198333,3535,320,0,0,0,0,0,0,71451,115758,0
562,0,2,198335,3535,320,0,0,0,0,0,0,71510,115758,0
563,0,1,0,0,250,0,0,0,0,0,0,71463,115759,0
564,0,1,0,0,300,0,0,0,0,0,0,71461,113708,0
565,0,1,0,0,425,0,0,0,0,0,0,71502,113708,0
566,0,1,0,0,425,0,0,0,0,0,0,71507,113708,0
567,0,1,0,0,425,0,0,0,0,0,0,71508,113708,0
568,0,1,0,0,350,0,0,0,0,0,0,71471,113708,0
569,0,2,198226,3728,425,0,0,0,0,0,0,71490,115758,0
570,0,1,0,0,250,0,0,0,0,0,0,71462,115759,0
571,0,1,0,0,350,0,0,0,0,0,0,71458,113708,0
572,0,1,0,0,450,0,0,0,0,0,0,71464,113708,0
573,0,1,0,0,425,0,0,0,0,0,0,71501,113708,0
574,0,2,194872,3535,360,0,0,0,0,0,0,71591,115760,0
575,0,1,0,0,300,0,0,0,0,0,0,71499,113708,0
576,0,2,198263,3728,425,0,0,0,0,0,0,71496,113708,0
577,0,2,194126,3728,400,0,0,0,0,0,0,71498,115758,0
578,0,2,198244,3728,425,0,0,0,0,0,0,71494,115758,0
579,0,2,198235,3728,400,0,0,0,0,0,0,71492,115758,0
580,0,1,0,0,350,0,0,0,0,0,0,71460,113708,0
581,0,1,0,0,425,0,0,0,0,0,0,71506,113708,0
582,0,1,0,0,250,0,0,0,0,0,0,71484,113708,0
583,0,1,0,0,425,0,0,0,0,0,0,71477,113708,0
584,0,1,0,0,425,0,0,0,0,0,0,71476,113708,0
585,0,1,0,0,425,0,0,0,0,0,0,71474,113708,0
586,0,1,0,0,50,0,0,0,0,0,0,71478,115759,0
587,0,1,0,0,250,0,0,0,0,0,0,71468,113708,0
588,0,1,0,0,425,0,0,0,0,0,0,71469,113708,0
590,0,1,0,0,300,0,0,0,0,0,0,71437,113708,0
591,0,1,0,0,450,0,0,0,0,0,0,71452,115758,0
592,0,1,0,0,250,0,0,0,0,0,0,71466,113708,0
593,0,1,0,0,350,0,0,0,0,0,0,71465,113708,0
594,0,1,0,0,250,0,0,0,0,0,0,71467,113708,0
595,0,1,0,0,450,0,0,0,0,0,0,71453,115758,0
596,0,1,0,0,425,0,0,0,0,0,0,71504,113708,0
597,0,1,0,0,175,0,0,0,0,0,0,71457,113708,0
598,0,1,0,0,150,0,0,0,0,0,0,71479,115759,0
599,0,1,0,0,200,0,0,0,0,0,0,71480,115759,0
600,0,1,0,0,250,0,0,0,0,0,0,71481,115759,0
601,0,1,0,0,350,0,0,0,0,0,0,71482,113708,0
602,0,1,0,0,300,0,0,0,0,0,0,71483,113708,0
604,0,1,0,0,425,0,0,0,0,0,0,71455,113708,0
605,0,1,0,0,425,0,0,0,0,0,0,71470,113708,0
606,0,1,0,0,425,0,0,0,0,0,0,71472,113708,0
607,0,1,0,0,425,0,0,0,0,0,0,71509,113708,0
608,0,1,0,0,425,0,0,0,0,0,0,71438,113708,0
609,0,1,0,0,425,0,0,0,0,0,0,71439,113708,0
611,0,2,198328,3534,40,0,0,0,0,0,0,71446,115759,0
612,0,2,198329,3534,40,0,0,0,0,0,0,71447,115759,0
613,0,2,198330,3534,40,0,0,0,0,0,0,71448,115759,0
614,0,2,198331,3534,40,0,0,0,0,0,0,71449,115759,0
615,0,2,198334,3534,60,0,0,0,0,0,0,71511,113708,0
616,0,2,198323,3535,320,0,0,0,0,0,0,71441,115758,0
617,0,2,198324,3535,320,0,0,0,0,0,0,71442,115758,0
618,0,2,198325,3535,320,0,0,0,0,0,0,71443,115758,0
619,0,2,198326,3535,320,0,0,0,0,0,0,71444,115758,0
620,0,2,198243,3728,80,0,0,0,0,0,0,71493,113708,0
621,0,2,198262,3728,80,0,0,0,0,0,0,71495,113708,0
622,0,2,198225,3728,80,0,0,0,0,0,0,71489,113708,0
623,0,2,198234,3728,80,0,0,0,0,0,0,71491,113708,0
624,0,2,194125,3728,80,0,0,0,0,0,0,71497,113708,0
625,0,2,198245,3728,80,0,0,0,0,0,0,71487,113708,0
626,0,2,198204,3728,80,0,0,0,0,0,0,71485,113708,0
627,0,2,198246,3728,400,0,0,0,0,0,0,71488,115758,0
628,0,2,198205,3728,425,0,0,0,0,0,0,71486,115758,0
629,0,1,0,0,425,0,0,0,0,0,0,71503,113708,0
630,0,1,0,0,425,0,0,0,0,0,0,71512,113708,0
631,0,1,0,0,325,0,0,0,0,0,0,71454,113708,0
632,3,1,0,0,100,0,0,0,0,0,0,0,0,0
633,0,2,198477,3535,360,0,0,0,0,0,0,71590,115760,0
634,0,2,198478,3535,360,0,0,0,0,0,0,71592,115760,0
635,0,2,198481,3535,360,0,0,0,0,0,0,71593,115760,0
636,0,1,0,0,80,0,0,0,0,0,0,71599,115761,0
637,0,0,190396,0,0,0,0,0,0,0,0,0,0,0
638,0,0,190394,0,0,0,0,0,0,0,0,0,0,0
639,0,0,188658,0,0,0,0,0,0,0,0,0,0,0
640,0,0,190311,0,0,0,0,0,0,0,0,0,0,0
641,0,0,190313,0,0,0,0,0,0,0,0,0,0,0
642,0,0,190314,0,0,0,0,0,0,0,0,0,0,0
643,0,1,0,0,80,0,0,0,0,0,0,71601,115761,0
644,0,1,0,0,80,0,0,0,0,0,0,71600,115761,0
645,0,1,0,0,260,0,0,0,0,0,0,71597,115761,0
646,0,1,0,0,300,0,0,0,0,0,0,71598,113710,0
647,0,0,194827,0,0,0,0,0,0,0,0,71521,113710,0
648,0,0,194704,0,0,0,0,0,0,0,0,71524,113710,0
649,0,0,194708,0,0,0,0,0,0,0,0,71528,113710,0
650,0,0,198454,0,0,0,0,0,0,0,0,71520,113710,0
651,0,0,194700,0,0,0,0,0,0,0,0,71527,113710,0
652,0,0,194698,0,0,0,0,0,0,0,0,71530,113710,0
653,0,0,194697,0,0,0,0,0,0,0,0,71519,113710,0
654,0,0,194702,0,0,0,0,0,0,0,0,71522,113710,0
655,0,0,194699,0,0,0,0,0,0,0,0,71525,113710,0
656,0,0,194703,0,0,0,0,0,0,0,0,71526,113710,0
657,0,1,0,0,275,0,0,0,0,0,0,71558,113710,0
658,0,1,0,0,275,0,0,0,0,0,0,71565,113710,0
659,0,1,0,0,275,0,0,0,0,0,0,71564,113710,0
660,0,1,0,0,275,0,0,0,0,0,0,71568,113710,0
661,0,1,0,0,275,0,0,0,0,0,0,71566,113710,0
662,0,1,0,0,275,0,0,0,0,0,0,71567,113710,0
663,0,1,0,0,300,0,0,0,0,0,0,71555,113710,0
664,0,1,0,0,300,0,0,0,0,0,0,71557,113710,0
665,0,1,0,0,300,0,0,0,0,0,0,71556,113710,0
666,0,0,194829,0,0,0,0,0,0,0,0,71554,115761,0
667,0,1,0,0,260,0,0,0,0,0,0,71570,115761,0
668,0,1,0,0,260,0,0,0,0,0,0,71569,115761,0
669,0,1,0,0,300,0,0,0,0,0,0,71559,113710,0
670,0,1,0,0,300,0,0,0,0,0,0,71560,113710,0
671,0,1,0,0,300,0,0,0,0,0,0,71563,113710,0
672,0,1,0,0,300,0,0,0,0,0,0,71561,113710,0
673,0,1,0,0,300,0,0,0,0,0,0,71562,113710,0
674,0,2,194877,3534,60,0,0,0,0,0,0,71596,115761,0
675,0,2,194879,3535,300,0,0,0,0,0,0,71595,115760,0
676,0,2,194898,3535,300,0,0,0,0,0,0,71515,115760,0
677,0,2,194897,3535,300,0,0,0,0,0,0,71514,115760,0
678,0,2,194893,3534,60,0,0,0,0,0,0,71518,115761,0
679,0,2,194892,3534,60,0,0,0,0,0,0,71517,115761,0
680,0,2,194894,3535,350,0,0,0,0,0,0,71516,115760,0
681,0,1,0,0,360,0,0,0,0,0,0,71594,113710,0
682,0,2,194874,3728,80,0,0,0,0,0,0,71588,115761,0
683,0,2,194875,3728,375,0,0,0,0,0,0,71589,115760,0
684,0,0,194732,0,0,0,0,0,0,0,0,71549,115761,0
685,0,0,194731,0,0,0,0,0,0,0,0,71550,115761,0
686,0,0,194733,0,0,0,0,0,0,0,0,71546,115761,0
687,0,0,194734,0,0,0,0,0,0,0,0,71553,115761,0
688,0,0,194735,0,0,0,0,0,0,0,0,71547,115761,0
689,0,0,194736,0,0,0,0,0,0,0,0,71548,115761,0
690,0,0,194737,0,0,0,0,0,0,0,0,71552,115761,0
691,0,0,194738,0,0,0,0,0,0,0,0,71551,115761,0
692,0,1,0,0,300,0,0,0,0,0,0,71581,113710,0
693,0,1,0,0,300,0,0,0,0,0,0,71582,113710,0
694,0,1,0,0,300,0,0,0,0,0,0,71578,113710,0
695,0,1,0,0,300,0,0,0,0,0,0,71579,113710,0
696,0,1,0,0,300,0,0,0,0,0,0,71580,113710,0
697,0,0,196981,0,0,0,0,0,0,0,0,71531,113710,0
698,0,0,196988,0,0,0,0,0,0,0,0,71532,113710,0
699,0,0,196980,0,0,0,0,0,0,0,0,71533,113710,0
700,0,0,197117,0,0,0,0,0,0,0,0,71534,113710,0
701,0,0,197108,0,0,0,0,0,0,0,0,71535,113710,0
702,0,0,197154,0,0,0,0,0,0,0,0,71536,113710,0
703,0,0,197394,0,0,0,0,0,0,0,0,71538,113710,0
704,0,0,197377,0,0,0,0,0,0,0,0,71539,113710,0
705,0,0,197362,0,0,0,0,0,0,0,0,71540,113710,0
706,0,0,197597,0,0,0,0,0,0,0,0,71542,113710,0
707,0,0,197592,0,0,0,0,0,0,0,0,71543,113710,0
708,0,0,197634,0,0,0,0,0,0,0,0,71544,113710,0
709,0,0,197347,0,0,0,0,0,0,0,0,71537,113710,0
710,0,0,197352,0,0,0,0,0,0,0,0,71541,113710,0
711,0,0,198510,0,0,0,0,0,0,0,0,71523,113710,0
712,0,1,0,0,425,0,0,0,0,0,0,71475,113708,0
713,2,0,0,0,0,0,0,0,0,0,0,0,0,0
714,0,0,198836,0,0,0,0,0,0,0,0,71500,113708,0
716,0,0,198804,0,0,0,0,0,0,0,0,0,0,0
717,0,0,198805,0,0,0,0,0,0,0,0,0,0,0
718,0,0,198806,0,0,0,0,0,0,0,0,0,0,0
719,0,0,198807,0,0,0,0,0,0,0,0,0,0,0
720,0,0,190321,0,0,0,0,0,0,0,0,71545,113710,0
721,0,1,0,0,425,0,0,0,0,0,0,71505,113708,0
722,0,1,0,0,300,0,0,0,0,0,0,71459,113708,0
723,0,0,191305,0,0,0,0,0,0,0,0,71513,113708,0
724,0,0,199414,0,0,0,0,0,0,0,0,71456,113708,0
725,2,0,0,0,0,0,0,0,0,0,0,0,0,0
726,0,0,140367,0,0,0,0,0,0,0,0,71583,113710,0
728,3,1,0,0,40,0,0,0,0,0,0,71408,115757,0
731,3,1,0,0,40,0,0,0,0,0,0,71410,115757,0
732,3,1,0,0,40,0,0,0,0,0,0,71412,115757,0
733,3,1,0,0,40,0,0,0,0,0,0,71414,113707,0
734,3,1,0,0,425,0,0,0,0,0,0,71409,113707,0
735,3,1,0,0,425,0,0,0,0,0,0,71411,113707,0
736,3,1,0,0,425,0,0,0,0,0,0,71413,113707,0
737,3,1,0,0,425,0,0,0,0,0,0,71415,113707,0
738,3,1,0,0,60,0,0,0,0,0,0,71392,115757,0
739,3,1,0,0,60,0,0,0,0,0,0,71394,115757,0
740,3,1,0,0,60,0,0,0,0,0,0,71396,115757,0
741,3,1,0,0,425,0,0,0,0,0,0,71393,113707,0
742,3,1,0,0,425,0,0,0,0,0,0,71395,113707,0
743,3,1,0,0,425,0,0,0,0,0,0,71397,113707,0
744,0,0,191304,0,0,0,0,0,0,0,0,71388,110591,0
745,3,1,0,0,200,0,0,0,0,0,0,71402,115757,0
746,3,1,0,0,200,0,0,0,0,0,0,71404,115757,0
747,3,1,0,0,200,0,0,0,0,0,0,71406,115757,0
748,3,1,0,0,400,0,0,0,0,0,0,71403,113707,0
749,3,1,0,0,400,0,0,0,0,0,0,71405,113707,0
750,3,1,0,0,400,0,0,0,0,0,0,71407,113707,0
751,3,1,0,0,350,0,0,0,0,0,0,71400,113707,0
752,3,1,0,0,400,0,0,0,0,0,0,71398,113707,0
753,3,1,0,0,400,0,0,0,0,0,0,71399,113707,0
754,3,1,0,0,400,0,0,0,0,0,0,71401,113707,0
755,3,1,0,0,450,0,0,0,0,0,0,71390,113707,0
756,3,1,0,0,450,0,0,0,0,0,0,71389,113707,0
757,3,1,0,0,450,0,0,0,0,0,0,71391,113707,0
758,3,1,0,0,400,0,0,0,0,0,0,71416,113707,0
759,3,1,0,0,400,0,0,0,0,0,0,71417,113707,0
760,3,1,0,0,400,0,0,0,0,0,0,71418,113707,0
761,3,1,0,0,400,0,0,0,0,0,0,71419,113707,0
762,3,1,0,0,400,0,0,0,0,0,0,71420,113707,0
763,3,1,0,0,300,0,0,0,0,0,0,71425,113707,0
764,3,1,0,0,300,0,0,0,0,0,0,71423,113707,0
765,3,1,0,0,300,0,0,0,0,0,0,71429,113707,0
766,3,1,0,0,300,0,0,0,0,0,0,71427,113707,0
767,3,1,0,0,300,0,0,0,0,0,0,71421,113707,0
768,3,1,0,0,425,0,0,0,0,0,0,71426,115756,0
769,3,1,0,0,425,0,0,0,0,0,0,71424,115756,0
770,3,1,0,0,425,0,0,0,0,0,0,71430,115756,0
771,3,1,0,0,425,0,0,0,0,0,0,71428,115756,0
772,3,1,0,0,425,0,0,0,0,0,0,71422,115756,0
773,0,2,198715,3728,80,0,0,0,0,0,0,71433,115757,0
774,0,2,198716,3728,350,0,0,0,0,0,0,71434,115756,0
775,0,1,0,0,275,0,0,0,0,0,0,71572,113710,0
776,0,1,0,0,275,0,0,0,0,0,0,71574,113710,0
777,0,1,0,0,275,0,0,0,0,0,0,71573,113710,0
778,0,1,0,0,275,0,0,0,0,0,0,71571,113710,0
779,0,1,0,0,275,0,0,0,0,0,0,71576,113710,0
780,0,1,0,0,275,0,0,0,0,0,0,71577,113710,0
781,0,1,0,0,275,0,0,0,0,0,0,71575,113710,0
782,3,1,0,0,275,0,0,0,0,0,0,71432,113707,0
783,0,2,200641,3534,60,0,0,0,0,0,0,71435,113707,0
784,0,2,200642,3535,265,0,0,0,0,0,0,71436,115756,0
785,0,1,0,0,300,0,0,0,0,0,0,71431,113707,0
786,2,1,0,0,0,0,0,0,0,0,0,0,0,0
787,2,1,0,0,0,0,0,0,0,0,0,0,0,0
788,0,0,197578,0,0,0,0,0,0,0,0,72013,113710,0
789,0,0,197091,0,0,0,0,0,0,0,0,72014,113710,0
790,0,0,196963,0,0,0,0,0,0,0,0,72015,113710,0
791,0,0,197579,0,0,0,0,0,0,0,0,72016,113710,0
792,0,0,197096,0,0,0,0,0,0,0,0,72017,113710,0
793,0,0,196968,0,0,0,0,0,0,0,0,72018,113710,0
794,0,0,200938,0,0,0,0,0,0,0,0,71862,113711,0
795,0,0,201023,0,0,0,0,0,0,0,0,71528,113710,0
796,0,0,198206,0,0,0,0,0,0,0,0,71865,113708,0
797,0,0,198173,0,0,0,0,0,0,0,0,71866,113708,0
798,0,0,198264,0,0,0,0,0,0,0,0,71863,113708,0
800,0,0,198172,0,0,0,0,0,0,0,0,71868,113708,0
801,0,0,198549,0,0,0,0,0,0,0,0,71869,113708,0
802,0,0,200470,0,0,0,0,0,0,0,0,71870,115756,0
803,0,0,200907,0,0,0,0,0,0,0,0,71871,115756,0
804,0,0,198222,0,0,0,0,0,0,0,0,71872,113708,0
805,0,0,200906,0,0,0,0,0,0,0,0,71873,115756,0
806,0,0,200905,0,0,0,0,0,0,0,0,71874,115756,0
807,0,0,200883,0,0,0,0,0,0,0,0,71875,115756,0
808,0,0,200469,0,0,0,0,0,0,0,0,71876,113707,0
809,0,0,198550,0,0,0,0,0,0,0,0,71877,115759,0
810,0,0,200479,0,0,0,0,0,0,0,0,71878,113707,0
811,0,0,198224,0,0,0,0,0,0,0,0,71879,113708,0
812,0,0,201158,0,0,0,0,0,0,0,0,71880,113707,0
813,0,0,200535,0,0,0,0,0,0,0,0,71881,115757,0
814,0,0,200472,0,0,0,0,0,0,0,0,71883,113707,0
815,0,0,198223,0,0,0,0,0,0,0,0,71882,113708,0
816,0,0,201160,0,0,0,0,0,0,0,0,71884,113707,0
817,0,0,192443,0,0,0,0,0,0,0,0,71885,113708,0
818,0,0,201161,0,0,0,0,0,0,0,0,71886,115757,0
819,0,0,198227,0,0,0,0,0,0,0,0,71887,113708,0
820,0,0,198156,0,0,0,0,0,0,0,0,71888,113708,0
821,0,0,198265,0,0,0,0,0,0,0,0,71889,113708,0
822,0,0,198268,0,0,0,0,0,0,0,0,71890,113708,0
823,0,0,198247,0,0,0,0,0,0,0,0,71891,115759,0
824,0,0,193572,0,0,0,0,0,0,0,0,71892,113708,0
825,0,2,201322,3534,60,0,0,0,0,0,0,72183,115755,0
826,3,1,0,0,275,0,0,0,0,0,0,71930,113707,0
827,0,2,201324,3534,60,0,0,0,0,0,0,72186,110591,0
828,3,1,0,0,275,0,0,0,0,0,0,71931,113707,0
829,3,1,0,0,275,0,0,0,0,0,0,71932,113707,0
830,3,1,0,0,275,0,0,0,0,0,0,71933,113707,0
831,0,1,0,0,425,0,0,0,0,0,0,71944,113708,0
832,0,0,201366,0,0,0,0,0,0,0,0,72262,115754,0
833,0,2,201601,3728,40,0,0,0,0,0,0,71945,113707,0
834,0,2,201759,3535,280,0,0,0,0,0,0,72349,115762,0
835,0,0,201930,0,0,0,0,0,0,0,0,71499,113708,0
836,2,0,0,0,0,0,0,0,0,0,0,0,0,0
839,0,2,201955,3534,60,0,0,0,0,0,0,72489,115755,0
840,0,2,201953,3534,60,0,0,0,0,0,0,72562,110591,0
841,0,2,201954,3534,60,0,0,0,0,0,0,72494,110591,0
842,0,2,201951,3534,60,0,0,0,0,0,0,72490,110591,0
843,0,2,201952,3534,60,0,0,0,0,0,0,72568,110591,0
844,0,2,201945,3534,60,0,0,0,0,0,0,72495,115765,0
846,0,2,201941,3534,60,0,0,0,0,0,0,72505,113712,0
847,0,2,201943,3534,60,0,0,0,0,0,0,72496,115765,0
848,0,2,201944,3534,60,0,0,0,0,0,0,72497,113712,0
849,0,2,201942,3534,60,0,0,0,0,0,0,72498,113712,0
852,0,2,201940,3534,60,0,0,0,0,0,0,72504,115767,0
853,0,2,201938,3534,60,0,0,0,0,0,0,72506,113715,0
854,0,2,201936,3534,60,0,0,0,0,0,0,72507,113715,0
855,0,2,201939,3534,60,0,0,0,0,0,0,72508,113715,0
856,0,2,201937,3534,60,0,0,0,0,0,0,72509,113715,0
862,0,2,201950,3534,60,0,0,0,0,0,0,71705,115765,0
863,0,2,201946,3534,60,0,0,0,0,0,0,72501,113712,0
864,0,2,201948,3534,60,0,0,0,0,0,0,72500,115765,0
865,0,2,201949,3534,60,0,0,0,0,0,0,72502,113712,0
866,0,2,201947,3534,60,0,0,0,0,0,0,72503,113712,0
869,0,0,202087,0,0,0,0,0,0,0,0,72711,113708,0
871,0,2,52322,0,50,0,0,0,0,0,0,0,0,0
876,0,2,203375,3534,120,0,0,0,0,0,0,74102,113710,0
877,0,2,203376,3534,120,0,0,0,0,0,0,74103,113710,0
878,0,2,203377,3534,120,0,0,0,0,0,0,74104,113710,0
