ID,Rank,PerkSpellID,PerkPlayerConditionID,Points,ResearchCost,ResearchCostCurrencyTypesID,ResearchGoldCost,ResearchDurationSecs,RespecCost,RespecCostCurrencyTypesID,RespecGoldCost,RespecDurationSecs,AlternateResearchCost,AlternateResearchCostCurrencyTypesID,AlternateResearchGoldCost,AlternateResearchDurationSecs,GarrTalentID
533,0,0,0,0,50,1220,0,7200,500,1220,0,86400,0,0,0,0,39
534,0,0,0,0,100,1220,0,14400,2000,1220,0,86400,0,0,0,0,40
535,0,0,0,0,500,1220,0,21600,2000,1220,0,86400,0,0,0,0,41
536,0,0,0,0,5000,1220,0,86400,0,0,0,0,0,0,0,0,42
537,0,0,0,0,1000,1220,0,43200,2000,1220,0,86400,0,0,0,0,43
538,0,0,0,0,1000,1220,0,43200,2000,1220,0,86400,0,0,0,0,44
539,0,0,0,0,2500,1220,0,64800,2000,1220,0,86400,0,0,0,0,46
540,0,0,0,0,2500,1220,0,64800,2000,1220,0,86400,0,0,0,0,49
541,0,0,0,0,500,1220,0,21600,2000,1220,0,86400,0,0,0,0,52
542,0,0,0,0,100,1220,0,14400,2000,1220,0,86400,0,0,0,0,53
543,0,219866,41975,0,50,1220,0,7200,500,1220,0,86400,0,0,0,0,54
544,0,219866,41975,0,50,1220,0,7200,500,1220,0,86400,0,0,0,0,248
545,0,0,0,0,100,1220,0,14400,2000,1220,0,86400,0,0,0,0,249
546,0,0,0,0,1000,1220,0,43200,2000,1220,0,86400,0,0,0,0,250
547,0,0,0,0,1000,1220,0,43200,2000,1220,0,86400,0,0,0,0,251
548,0,0,0,0,500,1220,0,21600,2000,1220,0,86400,0,0,0,0,252
549,0,0,0,0,50,1220,0,7200,500,1220,0,86400,0,0,0,0,253
550,0,223218,0,0,100,1220,0,14400,2000,1220,0,86400,0,0,0,0,254
551,0,0,0,0,500,1220,0,21600,2000,1220,0,86400,0,0,0,0,255
552,0,0,0,0,2500,1220,0,64800,2000,1220,0,86400,0,0,0,0,256
553,0,0,0,0,2500,1220,0,64800,2000,1220,0,86400,0,0,0,0,257
554,0,0,0,0,5000,1220,0,86400,0,0,0,0,0,0,0,0,258
555,0,219866,41975,0,50,1220,0,7200,500,1220,0,86400,0,0,0,0,347
556,0,0,0,0,500,1220,0,21600,2000,1220,0,86400,0,0,0,0,348
557,0,0,0,0,100,1220,0,14400,2000,1220,0,86400,0,0,0,0,349
558,0,0,0,0,500,1220,0,21600,2000,1220,0,86400,0,0,0,0,350
559,0,0,0,0,1000,1220,0,43200,2000,1220,0,86400,0,0,0,0,351
560,0,0,0,0,1000,1220,0,43200,2000,1220,0,86400,0,0,0,0,352
561,0,0,0,0,50,1220,0,7200,500,1220,0,86400,0,0,0,0,353
562,0,0,0,0,100,1220,0,14400,2000,1220,0,86400,0,0,0,0,354
563,0,0,0,0,2500,1220,0,64800,2000,1220,0,86400,0,0,0,0,355
564,0,0,0,0,2500,1220,0,64800,2000,1220,0,86400,0,0,0,0,356
565,0,0,0,0,5000,1220,0,86400,0,0,0,0,0,0,0,0,357
566,0,219866,41975,0,50,1220,0,7200,500,1220,0,86400,0,0,0,0,358
567,0,0,0,0,50,1220,0,7200,500,1220,0,86400,0,0,0,0,359
568,0,0,0,0,100,1220,0,14400,2000,1220,0,86400,0,0,0,0,360
569,0,0,0,0,500,1220,0,21600,2000,1220,0,86400,0,0,0,0,361
570,0,0,0,0,1000,1220,0,43200,2000,1220,0,86400,0,0,0,0,362
571,0,0,0,0,2500,1220,0,64800,2000,1220,0,86400,0,0,0,0,363
572,0,0,0,0,500,1220,0,21600,2000,1220,0,86400,0,0,0,0,364
573,0,0,0,0,1000,1220,0,43200,2000,1220,0,86400,0,0,0,0,365
574,0,227892,0,0,100,1220,0,14400,2000,1220,0,86400,0,0,0,0,366
575,0,0,0,0,2500,1220,0,64800,2000,1220,0,86400,0,0,0,0,367
576,0,0,0,0,5000,1220,0,86400,0,0,0,0,0,0,0,0,368
577,0,219866,41975,0,50,1220,0,7200,500,1220,0,86400,0,0,0,0,369
578,0,0,0,0,50,1220,0,7200,500,1220,0,86400,0,0,0,0,370
579,0,0,0,0,100,1220,0,14400,2000,1220,0,86400,0,0,0,0,371
580,0,0,0,0,500,1220,0,21600,2000,1220,0,86400,0,0,0,0,372
581,0,0,0,0,1000,1220,0,43200,2000,1220,0,86400,0,0,0,0,373
582,0,0,0,0,1000,1220,0,43200,2000,1220,0,86400,0,0,0,0,374
583,0,0,0,0,100,1220,0,14400,2000,1220,0,86400,0,0,0,0,375
584,0,0,0,0,2500,1220,0,64800,2000,1220,0,86400,0,0,0,0,376
585,0,0,0,0,2500,1220,0,64800,2000,1220,0,86400,0,0,0,0,377
586,0,0,0,0,500,1220,0,21600,2000,1220,0,86400,0,0,0,0,378
587,0,0,0,0,5000,1220,0,86400,0,0,0,0,0,0,0,0,379
588,0,219866,41975,0,50,1220,0,7200,500,1220,0,86400,0,0,0,0,380
589,0,0,0,0,50,1220,0,7200,500,1220,0,86400,0,0,0,0,381
590,0,0,0,0,100,1220,0,14400,2000,1220,0,86400,0,0,0,0,382
591,0,0,0,0,500,1220,0,21600,2000,1220,0,86400,0,0,0,0,383
592,0,0,0,0,1000,1220,0,43200,2000,1220,0,86400,0,0,0,0,384
593,0,0,0,0,1000,1220,0,43200,2000,1220,0,86400,0,0,0,0,385
594,0,223413,0,0,100,1220,0,14400,2000,1220,0,86400,0,0,0,0,386
595,0,218708,0,0,2500,1220,0,64800,2000,1220,0,86400,0,0,0,0,387
596,0,0,0,0,2500,1220,0,64800,2000,1220,0,86400,0,0,0,0,388
597,0,0,0,0,500,1220,0,21600,2000,1220,0,86400,0,0,0,0,389
598,0,0,0,0,5000,1220,0,86400,0,0,0,0,0,0,0,0,390
599,0,219866,41975,0,50,1220,0,7200,500,1220,0,86400,0,0,0,0,391
600,0,0,0,0,50,1220,0,7200,500,1220,0,86400,0,0,0,0,392
601,0,0,0,0,100,1220,0,14400,2000,1220,0,86400,0,0,0,0,393
602,0,0,0,0,500,1220,0,21600,2000,1220,0,86400,0,0,0,0,394
603,0,0,0,0,1000,1220,0,43200,2000,1220,0,86400,0,0,0,0,395
604,0,0,0,0,1000,1220,0,43200,2000,1220,0,86400,0,0,0,0,396
605,0,0,0,0,100,1220,0,14400,2000,1220,0,86400,0,0,0,0,397
606,0,0,0,0,2500,1220,0,64800,2000,1220,0,86400,0,0,0,0,398
607,0,0,0,0,2500,1220,0,64800,2000,1220,0,86400,0,0,0,0,399
608,0,0,0,0,500,1220,0,21600,2000,1220,0,86400,0,0,0,0,400
609,0,0,0,0,5000,1220,0,86400,0,0,0,0,0,0,0,0,401
610,0,219866,41975,0,50,1220,0,7200,500,1220,0,86400,0,0,0,0,402
611,0,0,0,0,50,1220,0,7200,500,1220,0,86400,0,0,0,0,403
612,0,0,0,0,100,1220,0,14400,2000,1220,0,86400,0,0,0,0,404
613,0,0,0,0,500,1220,0,21600,2000,1220,0,86400,0,0,0,0,405
614,0,0,0,0,1000,1220,0,43200,2000,1220,0,86400,0,0,0,0,406
615,0,0,0,0,1000,1220,0,43200,2000,1220,0,86400,0,0,0,0,407
616,0,0,0,0,100,1220,0,14400,2000,1220,0,86400,0,0,0,0,408
617,0,0,0,0,2500,1220,0,64800,2000,1220,0,86400,0,0,0,0,409
618,0,0,0,0,2500,1220,0,64800,2000,1220,0,86400,0,0,0,0,410
619,0,0,0,0,500,1220,0,21600,2000,1220,0,86400,0,0,0,0,411
620,0,0,0,0,5000,1220,0,86400,0,0,0,0,0,0,0,0,412
621,0,219866,41975,0,50,1220,0,7200,500,1220,0,86400,0,0,0,0,413
622,0,0,0,0,50,1220,0,7200,500,1220,0,86400,0,0,0,0,414
623,0,0,0,0,100,1220,0,14400,2000,1220,0,86400,0,0,0,0,415
624,0,0,0,0,500,1220,0,21600,2000,1220,0,86400,0,0,0,0,416
625,0,0,0,0,1000,1220,0,43200,2000,1220,0,86400,0,0,0,0,417
626,0,0,0,0,1000,1220,0,43200,2000,1220,0,86400,0,0,0,0,418
627,0,228651,0,0,100,1220,0,14400,2000,1220,0,86400,0,0,0,0,419
628,0,0,0,0,2500,1220,0,64800,2000,1220,0,86400,0,0,0,0,420
629,0,0,0,0,2500,1220,0,64800,2000,1220,0,86400,0,0,0,0,421
630,0,0,0,0,500,1220,0,21600,2000,1220,0,86400,0,0,0,0,422
631,0,0,0,0,5000,1220,0,86400,0,0,0,0,0,0,0,0,423
632,0,219866,41975,0,50,1220,0,7200,500,1220,0,86400,0,0,0,0,424
633,0,0,0,0,50,1220,0,7200,500,1220,0,86400,0,0,0,0,425
634,0,0,0,0,100,1220,0,14400,2000,1220,0,86400,0,0,0,0,426
635,0,0,0,0,500,1220,0,21600,2000,1220,0,86400,0,0,0,0,427
636,0,0,0,0,1000,1220,0,43200,2000,1220,0,86400,0,0,0,0,428
637,0,0,0,0,1000,1220,0,43200,2000,1220,0,86400,0,0,0,0,429
638,0,0,0,0,100,1220,0,14400,2000,1220,0,86400,0,0,0,0,430
639,0,0,0,0,2500,1220,0,64800,2000,1220,0,86400,0,0,0,0,431
640,0,0,0,0,2500,1220,0,64800,2000,1220,0,86400,0,0,0,0,432
641,0,0,0,0,500,1220,0,21600,2000,1220,0,86400,0,0,0,0,433
642,0,0,0,0,5000,1220,0,86400,0,0,0,0,0,0,0,0,434
643,0,219866,41975,0,50,1220,0,7200,500,1220,0,86400,0,0,0,0,435
644,0,0,0,0,50,1220,0,7200,500,1220,0,86400,0,0,0,0,436
645,0,0,0,0,100,1220,0,14400,2000,1220,0,86400,0,0,0,0,437
646,0,0,0,0,500,1220,0,21600,2000,1220,0,86400,0,0,0,0,438
647,0,0,0,0,1000,1220,0,43200,2000,1220,0,86400,0,0,0,0,439
648,0,0,0,0,1000,1220,0,43200,2000,1220,0,86400,0,0,0,0,440
649,0,0,0,0,100,1220,0,14400,2000,1220,0,86400,0,0,0,0,441
650,0,0,0,0,2500,1220,0,64800,2000,1220,0,86400,0,0,0,0,442
651,0,0,0,0,2500,1220,0,64800,2000,1220,0,86400,0,0,0,0,443
652,0,0,0,0,500,1220,0,21600,2000,1220,0,86400,0,0,0,0,444
653,0,0,0,0,5000,1220,0,86400,0,0,0,0,0,0,0,0,445
654,0,219866,41975,0,50,1220,0,7200,500,1220,0,86400,0,0,0,0,446
655,0,0,0,0,50,1220,0,7200,500,1220,0,86400,0,0,0,0,447
656,0,0,0,0,2500,1220,0,64800,2000,1220,0,86400,0,0,0,0,448
657,0,0,0,0,500,1220,0,21600,2000,1220,0,86400,0,0,0,0,449
658,0,0,0,0,1000,1220,0,43200,2000,1220,0,86400,0,0,0,0,450
659,0,0,0,0,1000,1220,0,43200,2000,1220,0,86400,0,0,0,0,451
660,0,0,0,0,100,1220,0,14400,2000,1220,0,86400,0,0,0,0,452
661,0,0,0,0,100,1220,0,14400,2000,1220,0,86400,0,0,0,0,453
662,0,0,0,0,2500,1220,0,64800,2000,1220,0,86400,0,0,0,0,454
663,0,0,0,0,500,1220,0,21600,2000,1220,0,86400,0,0,0,0,455
664,0,0,0,0,5000,1220,0,86400,0,0,0,0,0,0,0,0,456
665,0,0,0,0,10000,1220,0,86400,5000,1220,0,86400,0,0,0,0,480
666,0,0,0,0,10000,1220,0,86400,5000,1220,0,86400,0,0,0,0,481
667,0,0,0,0,10000,1220,0,86400,5000,1220,0,86400,0,0,0,0,483
668,0,0,0,0,10000,1220,0,86400,5000,1220,0,86400,0,0,0,0,484
669,0,0,0,0,10000,1220,0,86400,5000,1220,0,86400,0,0,0,0,486
670,0,0,0,0,10000,1220,0,86400,5000,1220,0,86400,0,0,0,0,487
671,0,0,0,0,10000,1220,0,86400,5000,1220,0,86400,0,0,0,0,489
672,0,0,0,0,10000,1220,0,86400,5000,1220,0,86400,0,0,0,0,490
673,0,0,0,0,10000,1220,0,86400,5000,1220,0,86400,0,0,0,0,492
674,0,0,0,0,10000,1220,0,86400,5000,1220,0,86400,0,0,0,0,493
675,0,0,0,0,10000,1220,0,86400,5000,1220,0,86400,0,0,0,0,495
676,0,0,0,0,10000,1220,0,86400,5000,1220,0,86400,0,0,0,0,496
677,0,0,0,0,10000,1220,0,86400,5000,1220,0,86400,0,0,0,0,498
678,0,0,0,0,10000,1220,0,86400,5000,1220,0,86400,0,0,0,0,499
679,0,0,0,0,10000,1220,0,86400,5000,1220,0,86400,0,0,0,0,501
680,0,0,0,0,10000,1220,0,86400,5000,1220,0,86400,0,0,0,0,502
681,0,0,0,0,10000,1220,0,86400,5000,1220,0,86400,0,0,0,0,504
682,0,0,0,0,10000,1220,0,86400,5000,1220,0,86400,0,0,0,0,505
683,0,0,0,0,10000,1220,0,86400,5000,1220,0,86400,0,0,0,0,507
684,0,0,0,0,10000,1220,0,86400,5000,1220,0,86400,0,0,0,0,508
685,0,0,0,0,10000,1220,0,86400,5000,1220,0,86400,0,0,0,0,510
686,0,0,0,0,10000,1220,0,86400,5000,1220,0,86400,0,0,0,0,511
687,0,0,0,0,10000,1220,0,86400,5000,1220,0,86400,0,0,0,0,513
688,0,0,0,0,10000,1220,0,86400,5000,1220,0,86400,0,0,0,0,514
689,0,246869,0,3,0,0,100,30,0,0,0,0,0,0,0,0,530
690,0,246870,0,0,0,0,100,3,0,0,0,0,0,0,0,0,531
691,0,246871,50497,0,0,0,0,0,0,0,0,0,0,0,0,0,532
692,0,246872,50497,0,0,0,0,10,0,0,0,0,0,0,0,0,533
693,0,247089,50359,0,0,0,0,432000,0,0,0,0,0,0,0,0,534
694,0,247092,50359,0,0,0,0,0,0,0,0,0,0,0,0,0,535
695,0,247096,50359,0,0,0,0,0,0,0,0,0,0,0,0,0,536
696,0,247093,50359,0,0,0,0,86400,0,0,0,0,0,0,0,0,537
697,0,247099,50359,0,0,0,0,86400,0,0,0,0,0,0,0,0,538
698,0,247111,50359,0,0,0,0,86400,0,0,0,0,0,0,0,0,540
699,0,247103,50359,0,0,0,0,0,0,0,0,0,0,0,0,0,541
700,0,247104,50359,0,0,0,0,0,0,0,0,0,0,0,0,0,542
701,0,247692,50359,0,0,0,0,172800,0,0,0,0,0,0,0,0,543
702,0,247110,50359,0,0,0,0,172800,0,0,0,0,0,0,0,0,544
703,0,247094,50359,0,0,0,0,86400,0,0,0,0,0,0,0,0,545
704,0,247088,50359,0,0,0,0,86400,0,0,0,0,0,0,0,0,546
705,0,281376,64165,0,15,1560,0,14400,15,1560,0,14400,0,0,0,0,547
706,0,281410,64165,0,15,1560,0,14400,15,1560,0,14400,0,0,0,0,548
707,0,0,0,0,100,1560,0,86400,100,1560,0,86400,0,0,0,0,549
708,0,0,0,0,100,1560,0,86400,100,1560,0,86400,0,0,0,0,550
709,0,281376,64165,0,15,1560,0,14400,15,1560,0,14400,0,0,0,0,551
710,0,281410,64165,0,15,1560,0,14400,15,1560,0,14400,0,0,0,0,552
711,0,0,0,0,100,1560,0,86400,100,1560,0,86400,0,0,0,0,553
712,0,0,0,0,100,1560,0,86400,100,1560,0,86400,0,0,0,0,554
713,0,0,0,0,150,1560,0,86400,150,1560,0,86400,0,0,0,0,655
714,0,0,0,0,150,1560,0,86400,150,1560,0,86400,0,0,0,0,656
715,0,0,0,0,200,1560,0,86400,200,1560,0,86400,0,0,0,0,657
716,0,0,0,0,200,1560,0,86400,200,1560,0,86400,0,0,0,0,658
717,0,0,0,0,250,1560,0,86400,250,1560,0,86400,0,0,0,0,659
718,0,281449,64287,0,250,1560,0,86400,250,1560,0,86400,0,0,0,0,660
719,0,0,0,0,500,1560,0,86400,0,0,0,0,0,0,0,0,661
720,0,0,0,0,150,1560,0,86400,150,1560,0,86400,0,0,0,0,662
721,0,0,0,0,150,1560,0,86400,150,1560,0,86400,0,0,0,0,663
722,0,0,0,0,200,1560,0,86400,200,1560,0,86400,0,0,0,0,664
723,0,0,0,0,200,1560,0,86400,200,1560,0,86400,0,0,0,0,665
724,0,0,0,0,250,1560,0,86400,250,1560,0,86400,0,0,0,0,666
725,0,256538,64287,0,250,1560,0,86400,250,1560,0,86400,0,0,0,0,667
726,0,0,0,0,500,1560,0,86400,500,1560,0,86400,0,0,0,0,668
727,0,291627,0,0,100,1719,0,1800,100,1719,0,1800,0,0,0,0,695
728,0,291627,0,0,400,1719,0,14400,400,1719,0,600,0,0,0,0,696
729,0,291627,0,0,400,1719,0,14400,400,1719,0,600,0,0,0,0,697
730,0,291627,0,0,1000,1719,0,28800,1000,1719,0,600,0,0,0,0,698
731,0,291627,0,0,1000,1719,0,28800,1000,1719,0,600,0,0,0,0,699
732,0,291627,0,0,2000,1719,0,43200,0,0,0,0,0,0,0,0,700
733,0,291627,0,0,4000,1719,0,86400,4000,1719,0,1200,0,0,0,0,701
734,0,291627,0,0,4000,1719,0,86400,4000,1719,0,1200,0,0,0,0,702
735,0,291627,0,0,8000,1719,0,172800,0,0,0,0,0,0,0,0,703
736,0,304815,0,0,2000,1719,0,0,0,0,0,0,0,0,0,0,709
737,0,304844,0,0,500,1719,0,0,0,0,0,0,0,0,0,0,721
738,0,304852,0,0,1000,1719,0,0,0,0,0,0,0,0,0,0,722
739,0,304872,0,0,1500,1719,0,0,0,0,0,0,0,0,0,0,723
740,0,305111,0,0,2000,1719,0,0,0,0,0,0,0,0,0,0,728
741,0,305146,0,0,500,1719,0,0,0,0,0,0,0,0,0,0,729
742,0,305159,0,0,1000,1719,0,0,0,0,0,0,0,0,0,0,730
743,0,305169,0,0,1500,1719,0,0,0,0,0,0,0,0,0,0,731
744,0,305380,0,0,10000,1719,0,5,0,0,0,0,0,0,0,0,732
745,0,307515,0,0,15000,1719,0,0,0,0,0,0,0,0,0,0,733
746,0,307517,0,0,10000,1719,0,0,0,0,0,0,0,0,0,0,734
747,0,307518,0,0,15000,1719,0,0,0,0,0,0,0,0,0,0,735
748,0,307519,0,0,10000,1719,0,0,0,0,0,0,0,0,0,0,736
749,0,307520,0,0,12500,1719,0,0,0,0,0,0,0,0,0,0,737
750,0,307525,0,0,15000,1719,0,0,0,0,0,0,0,0,0,0,738
751,0,307527,75584,0,250,1719,0,0,0,0,0,0,0,0,0,0,791
752,0,307528,75584,0,20000,1719,0,0,0,0,0,0,0,0,0,0,792
753,0,0,0,0,0,0,100,60,0,0,0,0,0,0,0,0,742
754,0,0,0,0,0,0,0,0,0,0,0,0,0,0,0,0,749
755,0,0,0,0,0,0,0,0,0,0,0,0,0,0,0,0,750
756,0,0,0,0,0,0,0,0,0,0,0,0,0,0,0,0,751
757,0,0,0,0,0,0,0,0,0,0,0,0,0,0,0,0,752
758,0,0,0,0,0,0,0,0,0,0,0,0,0,0,0,0,753
759,0,0,0,0,0,0,0,0,0,0,0,0,0,0,0,0,755
760,0,0,0,0,0,0,0,0,0,0,0,0,0,0,0,0,756
761,0,0,0,0,0,0,0,0,0,0,0,0,0,0,0,0,757
762,0,0,0,0,0,0,0,0,0,0,0,0,0,0,0,0,758
763,0,0,0,0,0,0,0,10,0,0,0,0,0,0,0,0,759
764,0,0,0,0,0,0,0,0,0,0,0,0,0,0,0,0,760
765,0,0,0,0,0,0,0,60,0,0,0,0,0,0,0,0,785
766,0,0,0,0,0,0,0,0,0,0,0,0,0,0,0,0,786
767,0,0,0,0,0,0,0,0,0,0,0,0,0,0,0,0,787
768,0,0,0,0,0,0,0,0,0,0,0,0,0,0,0,0,788
861,1,315859,0,0,0,0,200,0,0,0,0,0,0,0,0,0,530
862,2,315860,0,0,0,0,300,0,0,0,0,0,0,0,0,0,530
863,1,246870,0,0,0,0,200,3,0,0,0,0,0,0,0,0,531
864,2,246870,0,0,0,0,300,3,0,0,0,0,0,0,0,0,531
865,3,246870,0,0,0,0,400,3,0,0,0,0,0,0,0,0,531
866,4,246870,0,0,0,0,500,3,0,0,0,0,0,0,0,0,531
872,0,304852,75584,0,1500,1719,0,0,0,0,0,0,0,0,0,0,794
873,0,304815,75584,0,2000,1719,0,0,0,0,0,0,0,0,0,0,795
876,0,305159,75584,0,1500,1719,0,0,0,0,0,0,0,0,0,0,798
878,0,305111,75584,0,2000,1719,0,0,0,0,0,0,0,0,0,0,800
880,0,307519,75584,0,10000,1719,0,0,0,0,0,0,0,0,0,0,802
882,0,305380,75584,0,10000,1719,0,0,0,0,0,0,0,0,0,0,804
883,0,310720,75584,0,5000,1719,0,0,0,0,0,0,0,0,0,0,805
886,0,307518,75584,0,10000,1719,0,0,0,0,0,0,0,0,0,0,806
893,1,312544,75584,0,1500,1719,0,0,0,0,0,0,0,0,0,0,794
894,2,312545,75584,0,1500,1719,0,0,0,0,0,0,0,0,0,0,794
895,1,312888,75584,0,1500,1719,0,0,0,0,0,0,0,0,0,0,798
896,2,312889,75584,0,1500,1719,0,0,0,0,0,0,0,0,0,0,798
905,1,312620,75584,0,10000,1719,0,0,0,0,0,0,0,0,0,0,804
906,2,312621,75584,0,10000,1719,0,0,0,0,0,0,0,0,0,0,804
907,1,312583,75584,0,10000,1719,0,0,0,0,0,0,0,0,0,0,806
908,2,312585,75584,0,10000,1719,0,0,0,0,0,0,0,0,0,0,806
913,0,307876,0,0,0,0,0,0,0,0,0,0,0,0,0,0,807
914,0,307875,0,0,0,0,0,0,0,0,0,0,0,0,0,0,808
915,0,0,0,0,0,0,0,0,0,0,0,0,0,0,0,0,809
917,0,0,0,0,0,0,0,0,0,0,0,0,0,0,0,0,811
918,0,0,0,0,0,0,0,0,0,0,0,0,0,0,0,0,812
920,0,0,0,0,0,0,0,0,0,0,0,0,0,0,0,0,814
921,0,0,0,0,0,0,0,0,0,0,0,0,0,0,0,0,815
922,0,0,0,0,0,0,0,0,0,0,0,0,0,0,0,0,816
923,1,312628,75584,0,10000,1719,0,0,0,0,0,0,0,0,0,0,802
924,2,312629,75584,0,10000,1719,0,0,0,0,0,0,0,0,0,0,802
937,0,320668,0,0,0,0,0,0,0,0,0,0,0,0,0,0,844
942,0,0,0,0,0,0,0,0,0,0,0,0,0,0,0,0,849
943,0,0,0,0,0,0,0,0,0,0,0,0,0,0,0,0,850
944,0,0,0,0,0,0,0,0,0,0,0,0,0,0,0,0,851
959,0,320659,0,0,0,0,0,0,0,0,0,0,0,0,0,0,858
960,0,320660,0,0,0,0,0,0,0,0,0,0,0,0,0,0,859
961,0,320662,0,0,0,0,0,0,0,0,0,0,0,0,0,0,860
963,0,320658,0,0,0,0,0,0,0,0,0,0,0,0,0,0,862
964,0,342270,0,0,0,0,0,0,0,0,0,0,0,0,0,0,863
965,0,322721,0,0,0,0,0,0,0,0,0,0,0,0,0,0,864
967,0,320687,0,0,0,0,0,0,0,0,0,0,0,0,0,0,866
968,0,319213,0,0,0,0,0,0,0,0,0,0,0,0,0,0,828
969,0,319211,0,0,0,0,0,0,0,0,0,0,0,0,0,0,827
971,0,0,0,0,0,0,0,0,0,0,0,0,0,0,0,0,870
972,0,319191,0,0,0,0,0,0,0,0,0,0,0,0,0,0,824
973,0,319210,0,0,0,0,0,0,0,0,0,0,0,0,0,0,826
974,0,319214,0,0,0,0,0,0,0,0,0,0,0,0,0,0,833
975,0,319216,0,0,0,0,0,0,0,0,0,0,0,0,0,0,834
976,0,319217,0,0,0,0,0,0,0,0,0,0,0,0,0,0,837
998,0,0,0,0,0,0,0,0,0,0,0,0,0,0,0,0,829
999,0,0,0,0,0,0,0,0,0,0,0,0,0,0,0,0,830
1000,0,0,0,0,0,0,0,0,0,0,0,0,0,0,0,0,831
1001,0,0,0,0,0,0,0,0,0,0,0,0,0,0,0,0,835
1002,0,0,0,0,0,0,0,0,0,0,0,0,0,0,0,0,836
1033,0,0,0,0,0,0,0,0,0,0,0,0,0,0,0,0,994
1034,0,0,0,0,0,0,0,0,0,0,0,0,0,0,0,0,995
1035,0,0,0,0,0,0,0,0,0,0,0,0,0,0,0,0,832
1037,0,0,0,0,0,0,0,0,0,0,0,0,0,0,0,0,997
1038,0,319973,0,0,0,0,0,0,0,0,0,0,0,0,0,0,998
1039,0,332754,0,0,0,0,0,0,0,0,0,0,0,0,0,0,999
1040,0,0,0,0,0,0,0,0,0,0,0,0,0,0,0,0,1000
1041,0,0,0,0,0,0,0,0,0,0,0,0,0,0,0,0,1001
1045,0,0,0,0,0,0,0,0,0,0,0,0,0,0,0,0,1005
1046,0,0,0,0,0,0,0,0,0,0,0,0,0,0,0,0,1006
1049,0,0,0,0,0,0,0,0,0,0,0,0,0,0,0,0,1009
1050,0,0,0,0,0,0,0,0,0,0,0,0,0,0,0,0,1010
1066,0,0,0,0,1000,1813,0,3600,0,0,0,0,0,0,0,0,1047
1067,0,0,0,0,5000,1813,0,43200,0,0,0,0,0,0,0,0,1048
1068,0,0,0,0,10000,1813,0,86400,0,0,0,0,0,0,0,0,1049
1069,0,0,0,0,1000,1813,0,3600,0,0,0,0,0,0,0,0,1050
1070,0,0,0,0,5000,1813,0,43200,0,0,0,0,0,0,0,0,1051
1071,0,0,0,0,10000,1813,0,86400,0,0,1000,0,0,0,0,0,1052
1072,0,0,0,0,1000,1813,0,3600,0,0,0,0,0,0,0,0,1068
1073,0,0,0,0,5000,1813,0,43200,0,0,0,0,0,0,0,0,1069
1074,0,0,0,0,10000,1813,0,86400,0,0,0,0,0,0,0,0,1070
1075,0,0,0,0,1000,1813,0,3600,0,0,0,0,0,0,0,0,1056
1076,0,0,0,0,8,1810,0,43200,0,0,0,0,0,0,0,0,1057
1077,0,0,0,0,22,1810,0,86400,0,0,0,0,0,0,0,0,1058
1078,0,0,0,0,1000,1813,0,3600,0,0,0,0,0,0,0,0,1071
1079,0,0,0,0,5000,1813,0,43200,0,0,0,0,0,0,0,0,1072
1080,0,0,0,0,10000,1813,0,86400,0,0,0,86400,0,0,0,0,1073
1081,0,0,0,0,1000,1813,0,3600,0,0,0,0,0,0,0,0,1065
1082,0,0,0,0,5000,1813,0,43200,0,0,0,0,0,0,0,0,1066
1083,0,0,0,0,10000,1813,0,86400,0,0,0,0,0,0,0,0,1067
1084,0,0,0,0,500,1813,0,3600,0,0,0,0,0,0,0,0,1083
1085,0,0,0,0,5000,1813,0,43200,0,0,0,0,0,0,0,0,1084
1086,0,0,0,0,10000,1813,0,86400,0,0,0,0,0,0,0,0,1085
1088,0,0,0,0,10000,1813,0,86400,0,0,0,0,0,0,0,0,1079
1089,0,0,0,0,1500,1813,0,3600,0,0,0,0,0,0,0,0,1111
1093,0,0,70102,0,12500,1813,0,86400,0,0,0,0,0,0,0,0,1112
1094,0,0,0,0,5000,1813,0,43200,0,0,0,0,0,0,0,0,1113
1095,0,0,0,0,10000,1813,0,86400,0,0,0,0,0,0,0,0,1114
1096,0,0,0,0,15000,1813,0,86400,0,0,0,0,0,0,0,0,1115
1108,0,0,0,0,0,0,0,0,0,0,0,0,0,0,0,0,1121
1109,0,0,0,0,0,0,0,0,0,0,0,0,0,0,0,0,1122
1110,0,0,0,0,0,0,0,0,0,0,0,0,0,0,0,0,1123
1111,0,323074,0,0,0,0,0,0,0,0,0,0,0,0,0,0,1124
1112,0,323089,0,0,0,0,0,0,0,0,0,0,0,0,0,0,1125
1113,0,323091,0,0,0,0,0,0,0,0,0,0,0,0,0,0,1126
1114,0,323090,0,0,0,0,0,0,0,0,0,0,0,0,0,0,1127
1115,0,0,0,0,0,0,0,0,0,0,0,0,0,0,0,0,1128
1116,0,323079,0,0,0,0,0,0,0,0,0,0,0,0,0,0,1129
1117,0,323081,0,0,0,0,0,0,0,0,0,0,0,0,0,0,1130
1119,0,0,0,0,0,0,0,0,0,0,0,0,0,0,0,0,1132
1120,0,0,0,0,0,0,0,0,0,0,0,0,0,0,0,0,1133
1122,0,0,0,0,0,0,0,0,0,0,0,0,0,0,0,0,1135
1123,0,323095,0,0,0,0,0,0,0,0,0,0,0,0,0,0,1136
1124,0,0,0,0,0,0,1000,10368000,0,0,0,0,0,0,0,0,1137
1125,0,0,0,0,0,0,1000,43200,0,0,0,0,0,0,0,0,1138
1126,0,0,0,0,0,0,2000,86400,0,0,0,0,0,0,0,0,1139
1127,0,0,0,0,0,0,100,14400,0,0,0,0,0,0,0,0,1140
1128,0,0,0,0,0,0,1000,43200,0,0,0,0,0,0,0,0,1141
1129,0,0,0,0,0,0,2000,86400,0,0,0,0,0,0,0,0,1142
1130,0,0,0,0,0,0,100,14400,0,0,0,0,0,0,0,0,1143
1131,0,0,0,0,0,0,1000,43200,0,0,0,0,0,0,0,0,1144
1132,0,0,0,0,0,0,2000,86400,0,0,0,0,0,0,0,0,1145
1133,0,0,0,0,0,0,100,14400,0,0,0,0,0,0,0,0,1146
1134,0,0,0,0,0,0,1000,43200,0,0,0,0,0,0,0,0,1147
1135,0,0,0,0,0,0,2000,86400,0,0,0,0,0,0,0,0,1148
1141,0,342156,0,0,0,0,0,0,0,0,0,0,0,0,0,0,1154
1142,0,324440,0,0,0,0,0,0,0,0,0,0,0,0,0,0,1155
1143,0,324441,0,0,0,0,0,0,0,0,0,0,0,0,0,0,1156
1145,0,323916,0,0,0,0,0,0,0,0,0,0,0,0,0,0,1158
1147,0,323918,0,0,0,0,0,0,0,0,0,0,0,0,0,0,1160
1148,0,323919,0,0,0,0,0,0,0,0,0,0,0,0,0,0,1161
1150,0,323921,0,0,0,0,0,0,0,0,0,0,0,0,0,0,1163
1151,0,0,0,0,0,0,0,0,0,0,0,0,0,0,0,0,1164
1152,0,0,0,0,0,0,0,0,0,0,0,0,0,0,0,0,1165
1154,0,0,0,0,0,0,0,0,0,0,0,0,0,0,0,0,1167
1155,0,0,0,0,0,0,0,0,0,0,0,0,0,0,0,0,1168
1156,0,0,0,0,0,0,0,0,0,0,0,0,0,0,0,0,1169
1157,0,0,0,0,0,0,0,0,0,0,0,0,0,0,0,0,1170
1282,0,325065,0,0,0,0,0,0,0,0,0,0,0,0,0,0,1202
1283,0,325066,0,0,0,0,0,0,0,0,0,0,0,0,0,0,1203
1284,0,325067,0,0,0,0,0,0,0,0,0,0,0,0,0,0,1204
1285,0,325068,0,0,0,0,0,0,0,0,0,0,0,0,0,0,1205
1286,0,325069,0,0,0,0,0,0,0,0,0,0,0,0,0,0,1206
1293,0,325601,0,0,0,0,0,0,0,0,0,0,0,0,0,0,1207
1294,0,325072,0,0,0,0,0,0,0,0,0,0,0,0,0,0,1208
1309,0,0,0,0,0,0,0,0,0,0,0,0,0,0,0,0,1209
1310,0,0,0,0,0,0,0,0,0,0,0,0,0,0,0,0,1210
1311,0,0,0,0,0,0,0,0,0,0,0,0,0,0,0,0,1211
1312,0,0,0,0,0,0,0,0,0,0,0,0,0,0,0,0,1212
1313,0,0,0,0,0,0,0,0,0,0,0,0,0,0,0,0,1213
1314,0,0,0,0,0,0,0,0,0,0,0,0,0,0,0,0,1214
1315,0,0,0,0,0,0,0,0,0,0,0,0,0,0,0,0,1215
1316,0,325073,0,0,0,0,0,0,0,0,0,0,0,0,0,0,1216
1322,0,0,0,0,0,0,10,60,0,0,10,60,0,0,0,0,1217
1323,0,0,0,0,10,1566,0,600,0,0,0,60,0,0,0,0,1218
1349,0,0,0,0,1,1810,0,3600,0,0,0,0,0,0,0,0,1053
1350,0,0,0,0,8,1810,0,43200,0,0,0,0,0,0,0,0,1054
1351,0,0,0,0,10000,1813,0,86400,0,0,0,0,0,0,0,0,1055
1352,0,0,0,0,1500,1813,0,3600,0,0,0,0,0,0,0,0,1086
1353,0,0,0,0,5000,1813,0,43200,0,0,0,0,0,0,0,0,1087
1354,0,0,0,0,10000,1813,0,86400,0,0,0,0,0,0,0,0,1088
1355,0,0,0,0,12500,1813,0,86400,0,0,0,0,0,0,0,0,1089
1356,0,0,0,0,15000,1813,0,86400,0,0,0,0,0,0,0,0,1090
1357,0,0,0,0,25,1813,0,0,0,0,0,0,10,1808,0,0,1237
1358,0,0,0,0,25,1813,0,0,0,0,0,0,10,1808,0,0,1238
1359,0,0,0,0,25,1813,0,0,0,0,0,0,10,1808,0,0,1239
1360,0,0,0,0,25,1813,0,0,0,0,0,0,10,1808,0,0,1240
1361,0,0,0,0,25,1813,0,0,0,0,0,0,10,1808,0,0,1241
1362,0,0,0,0,25,1813,0,0,0,0,0,0,10,1808,0,0,1242
1363,0,0,0,0,25,1813,0,0,0,0,0,0,10,1808,0,0,1243
1364,0,0,0,0,25,1813,0,0,0,0,0,0,10,1808,0,0,1244
1365,0,0,0,0,25,1813,0,0,0,0,0,0,10,1808,0,0,1245
1366,0,0,0,0,25,1813,0,0,0,0,0,0,10,1808,0,0,1246
1367,0,0,0,0,25,1813,0,0,0,0,0,0,10,1808,0,0,1247
1368,0,0,0,0,25,1813,0,0,0,0,0,0,10,1808,0,0,1248
1369,0,0,0,0,25,1813,0,0,0,0,0,0,10,1808,0,0,1249
1370,0,0,0,0,25,1813,0,0,0,0,0,0,10,1808,0,0,1250
1371,0,0,0,0,25,1813,0,0,0,0,0,0,10,1808,0,0,1251
1372,0,0,0,0,25,1813,0,0,0,0,0,0,10,1808,0,0,1252
1373,0,0,0,0,25,1813,0,0,0,0,0,0,10,1808,0,0,1253
1374,0,0,0,0,25,1813,0,0,0,0,0,0,10,1808,0,0,1254
1375,0,0,0,0,25,1813,0,0,0,0,0,0,10,1808,0,0,1255
1376,0,0,0,0,25,1813,0,0,0,0,0,0,10,1808,0,0,1256
1377,0,0,0,0,25,1813,0,0,0,0,0,0,10,1808,0,0,1257
1378,0,0,0,0,25,1813,0,0,0,0,0,0,10,1808,0,0,1258
1379,0,0,0,0,25,1813,0,0,0,0,0,0,10,1808,0,0,1259
1380,0,0,0,0,25,1813,0,0,0,0,0,0,10,1808,0,0,1260
1383,0,0,0,0,1000,1813,0,3600,0,0,0,0,0,0,0,0,1062
1384,0,0,0,0,5000,1813,0,43200,0,0,0,0,0,0,0,0,1063
1385,0,0,0,0,10000,1813,0,86400,0,0,0,0,0,0,0,0,1064
1386,0,0,0,0,500,1813,0,3600,0,0,0,0,0,0,0,0,1074
1387,0,0,0,0,8,1810,0,43200,0,0,0,0,0,0,0,0,1075
1388,0,0,0,0,10000,1813,0,86400,0,0,0,0,0,0,0,0,1076
1389,0,0,0,0,500,1813,0,3600,0,0,0,0,0,0,0,0,1077
1390,0,0,0,0,8,1810,0,43200,0,0,0,0,0,0,0,0,1078
1391,0,0,0,0,500,1813,0,3600,0,0,0,0,0,0,0,0,1080
1392,0,0,0,0,5000,1813,0,43200,0,0,0,0,0,0,0,0,1081
1393,0,0,0,0,10000,1813,0,86400,0,0,0,0,0,0,0,0,1082
1394,0,0,0,0,6,1810,0,3600,0,0,0,0,0,0,0,0,1091
1395,0,0,0,0,12,1810,0,43200,0,0,0,0,0,0,0,0,1092
1396,0,0,0,0,22,1810,0,86400,0,0,0,0,0,0,0,0,1093
1397,0,0,0,0,12500,1813,0,86400,0,0,0,0,0,0,0,0,1094
1398,0,0,0,0,70,1810,0,86400,0,0,0,0,0,0,0,0,1095
1399,0,0,0,0,1500,1813,0,3600,0,0,0,0,0,0,0,0,1096
1400,0,0,0,0,5000,1813,0,43200,0,0,0,0,0,0,0,0,1097
1401,0,0,0,0,10000,1813,0,86400,0,0,0,0,0,0,0,0,1098
1402,0,0,0,0,12500,1813,0,86400,0,0,0,0,0,0,0,0,1099
1403,0,0,0,0,15000,1813,0,86400,0,0,0,0,0,0,0,0,1100
1406,0,0,0,0,0,0,0,0,0,0,0,0,0,0,0,0,1263
1407,0,0,0,0,0,0,0,0,0,0,0,0,0,0,0,0,1264
1408,0,0,0,0,0,0,0,0,0,0,0,0,0,0,0,0,1265
1409,0,326504,0,0,0,0,0,0,0,0,0,0,0,0,0,0,1266
1410,0,326507,0,0,0,0,0,0,0,0,0,0,0,0,0,0,1267
1411,0,326509,0,0,0,0,0,0,0,0,0,0,0,0,0,0,1268
1412,0,326511,0,0,0,0,0,0,0,0,0,0,0,0,0,0,1269
1413,0,326512,0,0,0,0,0,0,0,0,0,0,0,0,0,0,1270
1414,0,326513,0,0,0,0,0,0,0,0,0,0,0,0,0,0,1271
1415,0,326514,0,0,0,0,0,0,0,0,0,0,0,0,0,0,1272
1416,0,0,0,0,0,0,0,0,0,0,0,0,0,0,0,0,1273
1417,0,0,0,0,0,0,0,0,0,0,0,0,0,0,0,0,1274
1418,0,0,0,0,0,0,0,0,0,0,0,0,0,0,0,0,1275
1419,0,0,0,0,0,0,0,0,0,0,0,0,0,0,0,0,1276
1420,0,326572,0,0,0,0,0,0,0,0,0,0,0,0,0,0,1277
1446,0,328257,0,0,0,0,0,0,0,0,0,0,0,0,0,0,1303
1448,0,0,0,0,0,0,0,0,0,0,0,0,0,0,0,0,1305
1449,0,0,0,0,0,0,0,0,0,0,0,0,0,0,0,0,1306
1451,0,328261,0,0,0,0,0,0,0,0,0,0,0,0,0,0,1308
1452,0,329777,0,0,0,0,0,0,0,0,0,0,0,0,0,0,1309
1453,0,328263,0,0,0,0,0,0,0,0,0,0,0,0,0,0,1310
1454,0,0,0,0,0,0,0,0,0,0,0,0,0,0,0,0,1311
1455,0,0,0,0,0,0,0,0,0,0,0,0,0,0,0,0,1312
1456,0,0,0,0,0,0,0,0,0,0,0,0,0,0,0,0,1313
1457,0,328265,0,0,0,0,0,0,0,0,0,0,0,0,0,0,1314
1458,0,0,0,0,0,0,0,0,0,0,0,0,0,0,0,0,1315
1459,0,328266,0,0,0,0,0,0,0,0,0,0,0,0,0,0,1316
1460,0,329786,0,0,0,0,0,0,0,0,0,0,0,0,0,0,1317
1497,0,0,0,0,0,0,0,0,0,0,0,0,0,0,0,0,1364
1498,0,0,0,0,0,0,0,0,0,0,0,0,0,0,0,0,1365
1499,0,0,0,0,0,0,0,0,0,0,0,0,0,0,0,0,1366
1500,0,329776,0,0,0,0,0,0,0,0,0,0,0,0,0,0,1367
1501,0,334066,0,0,0,0,0,0,0,0,0,0,0,0,0,0,1368
1502,0,329778,0,0,0,0,0,0,0,0,0,0,0,0,0,0,1369
1503,0,329779,0,0,0,0,0,0,0,0,0,0,0,0,0,0,1370
1504,0,329781,0,0,0,0,0,0,0,0,0,0,0,0,0,0,1371
1505,0,329784,0,0,0,0,0,0,0,0,0,0,0,0,0,0,1372
1506,0,328258,0,0,0,0,0,0,0,0,0,0,0,0,0,0,1373
1507,0,0,0,0,0,0,0,0,0,0,0,0,0,0,0,0,1374
1508,0,0,0,0,0,0,0,0,0,0,0,0,0,0,0,0,1375
1510,0,0,0,0,0,0,0,0,0,0,0,0,0,0,0,0,1377
1511,0,329791,0,0,0,0,0,0,0,0,0,0,0,0,0,0,1378
1512,0,0,0,0,0,0,0,0,0,0,0,0,0,0,0,0,1379
1513,0,0,0,0,0,0,0,0,0,0,0,0,0,0,0,0,1380
1514,0,0,0,0,0,0,0,0,0,0,0,0,0,0,0,0,1381
1550,0,331576,0,0,0,0,0,0,0,0,0,0,0,0,0,0,1393
1551,0,331577,0,0,0,0,0,0,0,0,0,0,0,0,0,0,1394
1552,0,0,0,0,0,0,0,0,0,0,0,0,0,0,0,0,1395
1553,0,0,0,0,0,0,0,0,0,0,0,0,0,0,0,0,1396
1554,0,0,0,0,0,0,0,0,0,0,0,0,0,0,0,0,1397
1555,0,331579,0,0,0,0,0,0,0,0,0,0,0,0,0,0,1398
1556,0,0,0,0,0,0,0,0,0,0,0,0,0,0,0,0,1399
1557,0,0,0,0,0,0,0,0,0,0,0,0,0,0,0,0,1400
1558,0,0,0,0,0,0,0,0,0,0,0,0,0,0,0,0,1401
1559,0,331580,0,0,0,0,0,0,0,0,0,0,0,0,0,0,1402
1560,0,331582,0,0,0,0,0,0,0,0,0,0,0,0,0,0,1403
1561,0,331584,0,0,0,0,0,0,0,0,0,0,0,0,0,0,1404
1562,0,0,0,0,0,0,0,0,0,0,0,0,0,0,0,0,1405
1563,0,331586,0,0,0,0,0,0,0,0,0,0,0,0,0,0,1406
1564,0,331610,0,0,0,0,0,0,0,0,0,0,0,0,0,0,1407
1565,0,331609,0,0,0,0,0,0,0,0,0,0,0,0,0,0,1408
1566,0,0,0,0,0,0,0,0,0,0,0,0,0,0,0,0,1409
1567,0,333935,0,0,0,0,0,0,0,0,0,0,0,0,0,0,1410
1568,0,331612,0,0,0,0,0,0,0,0,0,0,0,0,0,0,1411
1569,0,331611,0,0,0,0,0,0,0,0,0,0,0,0,0,0,1412
1570,0,0,0,0,0,0,0,0,0,0,0,0,0,0,0,0,1413
1571,0,0,0,0,0,0,0,0,0,0,0,0,0,0,0,0,1414
1572,0,0,0,0,0,0,0,0,0,0,0,0,0,0,0,0,1415
1573,0,331726,0,0,0,0,0,0,0,0,0,0,0,0,0,0,1416
1574,0,331725,0,0,0,0,0,0,0,0,0,0,0,0,0,0,1417
1575,0,333950,0,0,0,0,0,0,0,0,0,0,0,0,0,0,1418
1576,0,332755,0,0,0,0,0,0,0,0,0,0,0,0,0,0,1419
1577,0,332756,0,0,0,0,0,0,0,0,0,0,0,0,0,0,1420
1578,0,332753,0,0,0,0,0,0,0,0,0,0,0,0,0,0,1421
1579,0,0,0,0,0,0,0,0,0,0,0,0,0,0,0,0,1422
1580,0,0,0,0,0,0,0,0,0,0,0,0,0,0,0,0,1423
1581,0,319978,0,0,0,0,0,0,0,0,0,0,0,0,0,0,1424
1582,0,319982,0,0,0,0,0,0,0,0,0,0,0,0,0,0,1425
1583,0,340159,0,0,0,0,0,0,0,0,0,0,0,0,0,0,1426
1702,0,336140,0,0,0,0,0,0,0,0,0,0,0,0,0,0,1545
1703,0,336147,0,0,0,0,0,0,0,0,0,0,0,0,0,0,1546
1704,0,0,0,0,0,0,0,0,0,0,0,0,0,0,0,0,1547
1705,0,0,0,0,0,0,0,0,0,0,0,0,0,0,0,0,1548
1706,0,0,0,0,0,0,0,0,0,0,0,0,0,0,0,0,1549
1707,0,336243,0,0,0,0,0,0,0,0,0,0,0,0,0,0,1550
1708,0,336239,0,0,0,0,0,0,0,0,0,0,0,0,0,0,1551
1709,0,336245,0,0,0,0,0,0,0,0,0,0,0,0,0,0,1552
1710,0,0,0,0,0,0,0,0,0,0,0,0,0,0,0,0,1553
1711,0,0,0,0,0,0,0,0,0,0,0,0,0,0,0,0,1554
1712,0,0,0,0,0,0,0,0,0,0,0,0,0,0,0,0,1555
1713,0,0,0,0,0,0,0,0,0,0,0,0,0,0,0,0,1556
1714,0,336247,0,0,0,0,0,0,0,0,0,0,0,0,0,0,1557
1716,0,336184,0,0,0,0,0,0,0,0,0,0,0,0,0,0,1559
1717,0,319983,0,0,0,0,0,0,0,0,0,0,0,0,0,0,1560
1718,0,324739,0,0,0,0,0,0,0,0,0,0,0,0,0,0,1561
1719,0,312202,40073,0,0,0,0,0,0,0,0,0,0,0,0,0,1562
1720,0,307865,42794,0,0,0,0,0,0,0,0,0,0,0,0,0,1563
1721,0,304971,42792,0,0,0,0,0,0,0,0,0,0,0,0,0,1564
1722,0,306830,42788,0,0,0,0,0,0,0,0,0,0,0,0,0,1565
1723,0,325013,39986,0,0,0,0,0,0,0,0,0,0,0,0,0,1566
1724,0,326434,42789,0,0,0,0,0,0,0,0,0,0,0,0,0,1567
1725,0,323547,42230,0,0,0,0,0,0,0,0,0,0,0,0,0,1568
1726,0,308491,42790,0,0,0,0,0,0,0,0,0,0,0,0,0,1569
1727,0,324386,42793,0,0,0,0,0,0,0,0,0,0,0,0,0,1570
1728,0,307443,39985,0,0,0,0,0,0,0,0,0,0,0,0,0,1571
1729,0,312321,39987,0,0,0,0,0,0,0,0,0,0,0,0,0,1572
1730,0,310454,42791,0,0,0,0,0,0,0,0,0,0,0,0,0,1573
1732,0,324631,0,0,0,0,0,0,0,0,0,0,0,0,0,0,1575
1733,0,315443,42787,0,0,0,0,0,0,0,0,0,0,0,0,0,1576
1734,0,328204,42792,0,0,0,0,0,0,0,0,0,0,0,0,0,1577
1735,0,350570,42788,0,0,0,0,0,0,0,0,0,0,0,0,0,1578
1736,0,324724,39986,0,0,0,0,0,0,0,0,0,0,0,0,0,1579
1737,0,325727,42789,0,0,0,0,0,0,0,0,0,0,0,0,0,1580
1738,0,328547,42230,0,0,0,0,0,0,0,0,0,0,0,0,0,1581
1739,0,325028,42790,0,0,0,0,0,0,0,0,0,0,0,0,0,1582
1740,0,326059,42793,0,0,0,0,0,0,0,0,0,0,0,0,0,1583
1741,0,324220,39985,0,0,0,0,0,0,0,0,0,0,0,0,0,1584
1742,0,325289,39987,0,0,0,0,0,0,0,0,0,0,0,0,0,1585
1743,0,325216,42791,0,0,0,0,0,0,0,0,0,0,0,0,0,1586
1744,0,324143,42794,0,0,0,0,0,0,0,0,0,0,0,0,0,1587
1745,0,300728,0,0,0,0,0,0,0,0,0,0,0,0,0,0,1588
1746,0,311648,40073,0,0,0,0,0,0,0,0,0,0,0,0,0,1589
1747,0,316958,42792,0,0,0,0,0,0,0,0,0,0,0,0,0,1590
1748,0,317009,42788,0,0,0,0,0,0,0,0,0,0,0,0,0,1591
1749,0,323673,39986,0,0,0,0,0,0,0,0,0,0,0,0,0,1592
1750,0,323546,42789,0,0,0,0,0,0,0,0,0,0,0,0,0,1593
1751,0,323654,42230,0,0,0,0,0,0,0,0,0,0,0,0,0,1594
1752,0,324149,42790,0,0,0,0,0,0,0,0,0,0,0,0,0,1595
1753,0,320674,42793,0,0,0,0,0,0,0,0,0,0,0,0,0,1596
1754,0,314793,39985,0,0,0,0,0,0,0,0,0,0,0,0,0,1597
1755,0,321792,39987,0,0,0,0,0,0,0,0,0,0,0,0,0,1598
1756,0,326860,42791,0,0,0,0,0,0,0,0,0,0,0,0,0,1599
1757,0,317320,42794,0,0,0,0,0,0,0,0,0,0,0,0,0,1600
1758,0,310143,0,0,0,0,0,0,0,0,0,0,0,0,0,0,1601
1759,0,315442,42787,0,0,0,0,0,0,0,0,0,0,0,0,0,1602
1760,0,328620,42792,0,0,0,0,0,0,0,0,0,0,0,0,0,1603
1761,0,323639,42788,0,0,0,0,0,0,0,0,0,0,0,0,0,1604
1762,0,327661,39986,0,0,0,0,0,0,0,0,0,0,0,0,0,1605
1763,0,323764,42789,0,0,0,0,0,0,0,0,0,0,0,0,0,1606
1764,0,328305,42230,0,0,0,0,0,0,0,0,0,0,0,0,0,1607
1765,0,328231,42790,0,0,0,0,0,0,0,0,0,0,0,0,0,1608
1766,0,328923,42793,0,0,0,0,0,0,0,0,0,0,0,0,0,1609
1767,0,314791,39985,0,0,0,0,0,0,0,0,0,0,0,0,0,1610
1768,0,325640,39987,0,0,0,0,0,0,0,0,0,0,0,0,0,1611
1769,0,327104,42791,0,0,0,0,0,0,0,0,0,0,0,0,0,1612
1770,0,325886,42794,0,0,0,0,0,0,0,0,0,0,0,0,0,1613
1944,0,0,0,0,0,0,0,0,0,0,0,0,0,0,0,0,1765
1945,0,0,0,0,0,0,0,0,0,0,0,0,0,0,0,0,1766
1946,0,0,0,0,0,0,0,0,0,0,0,0,0,0,0,0,1767
1949,0,341650,0,0,0,0,0,0,0,0,0,0,0,0,0,0,1770
1962,0,352105,80407,0,20,1904,0,0,0,0,0,0,0,0,0,0,1783
1963,0,352113,80407,0,40,1904,0,0,0,0,0,0,0,0,0,0,1784
1964,0,352118,80407,0,40,1904,0,0,0,0,0,0,0,0,0,0,1785
1965,0,352601,80407,0,20,1904,0,0,0,0,0,0,0,0,0,0,1786
1966,0,354809,80407,0,20,1904,0,0,0,0,0,0,0,0,0,0,1787
1967,0,355600,80407,0,100,1904,0,0,0,0,0,0,0,0,0,0,1788
1968,0,355485,80407,0,50,1904,0,0,0,0,0,0,0,0,0,0,1789
1969,0,352949,80407,0,30,1904,0,0,0,0,0,0,0,0,0,0,1790
1970,0,352950,80407,0,20,1904,0,0,0,0,0,0,0,0,0,0,1791
1971,0,355279,80407,0,20,1904,0,0,0,0,0,0,0,0,0,0,1792
1972,0,352937,80407,0,20,1904,0,0,0,0,0,0,0,0,0,0,1793
1973,0,0,80407,0,60,1904,0,0,0,0,0,0,0,0,0,0,1794
1978,0,0,0,0,0,0,0,0,0,0,0,0,0,0,0,0,1799
1979,0,351089,0,0,0,0,0,0,0,0,0,0,0,0,0,0,1800
1980,0,0,0,0,0,0,0,0,0,0,0,0,0,0,0,0,1801
1981,0,351094,0,0,0,0,0,0,0,0,0,0,0,0,0,0,1802
1982,0,351093,0,0,0,0,0,0,0,0,0,0,0,0,0,0,1803
1983,0,0,0,0,0,0,0,0,0,0,0,0,0,0,0,0,1804
1984,0,0,0,0,0,0,0,0,0,0,0,0,0,0,0,0,1805
1985,0,350899,0,0,0,0,0,0,0,0,0,0,0,0,0,0,1806
1986,0,350935,0,0,0,0,0,0,0,0,0,0,0,0,0,0,1807
1987,0,0,0,0,0,0,0,0,0,0,0,0,0,0,0,0,1808
1988,0,0,0,0,0,0,0,0,0,0,0,0,0,0,0,0,1809
1989,0,350936,0,0,0,0,0,0,0,0,0,0,0,0,0,0,1810
1990,0,0,0,0,0,0,0,0,0,0,0,0,0,0,0,0,1811
1991,0,351146,0,0,0,0,0,0,0,0,0,0,0,0,0,0,1812
1992,0,351147,0,0,0,0,0,0,0,0,0,0,0,0,0,0,1813
1993,0,0,0,0,0,0,0,0,0,0,0,0,0,0,0,0,1814
1994,0,0,0,0,0,0,0,0,0,0,0,0,0,0,0,0,1815
1995,0,351149,0,0,0,0,0,0,0,0,0,0,0,0,0,0,1816
2007,1,352106,80407,0,80,1904,0,0,0,0,0,0,0,0,0,0,1783
2008,2,352107,80407,0,200,1904,0,0,0,0,0,0,0,0,0,0,1783
2009,1,352114,80407,0,200,1904,0,0,0,0,0,0,0,0,0,0,1784
2010,0,0,0,0,0,0,0,0,0,0,0,0,0,0,0,0,1819
2011,0,352108,0,0,0,0,0,0,0,0,0,0,0,0,0,0,1820
2012,0,352109,0,0,0,0,0,0,0,0,0,0,0,0,0,0,1821
2013,0,0,0,0,0,0,0,0,0,0,0,0,0,0,0,0,1822
2014,0,0,0,0,0,0,0,0,0,0,0,0,0,0,0,0,1823
2015,0,352110,0,0,0,0,0,0,0,0,0,0,0,0,0,0,1824
2016,0,0,0,0,0,0,0,0,0,0,0,0,0,0,0,0,1825
2017,0,351488,0,0,0,0,0,0,0,0,0,0,0,0,0,0,1826
2018,0,351489,0,0,0,0,0,0,0,0,0,0,0,0,0,0,1827
2019,0,0,0,0,0,0,0,0,0,0,0,0,0,0,0,0,1828
2020,0,0,0,0,0,0,0,0,0,0,0,0,0,0,0,0,1829
2021,0,351491,0,0,0,0,0,0,0,0,0,0,0,0,0,0,1830
2022,0,0,0,0,0,0,0,0,0,0,0,0,0,0,0,0,1831
2023,0,352186,0,0,0,0,0,0,0,0,0,0,0,0,0,0,1832
2024,0,352187,0,0,0,0,0,0,0,0,0,0,0,0,0,0,1833
2025,0,0,0,0,0,0,0,0,0,0,0,0,0,0,0,0,1834
2026,0,0,0,0,0,0,0,0,0,0,0,0,0,0,0,0,1835
2027,0,352188,0,0,0,0,0,0,0,0,0,0,0,0,0,0,1836
2031,0,0,0,0,0,0,0,0,0,0,0,0,0,0,0,0,1837
2032,0,352501,0,0,0,0,0,0,0,0,0,0,0,0,0,0,1838
2033,0,352502,0,0,0,0,0,0,0,0,0,0,0,0,0,0,1839
2034,0,0,0,0,0,0,0,0,0,0,0,0,0,0,0,0,1840
2035,0,0,0,0,0,0,0,0,0,0,0,0,0,0,0,0,1841
2036,0,352503,0,0,0,0,0,0,0,0,0,0,0,0,0,0,1842
2038,1,352577,80407,0,100,1904,0,0,0,0,0,0,0,0,0,0,1785
2042,1,352603,80407,0,40,1904,0,0,0,0,0,0,0,0,0,0,1786
2043,2,352604,80407,0,70,1904,0,0,0,0,0,0,0,0,0,0,1786
2044,3,352605,80407,0,100,1904,0,0,0,0,0,0,0,0,0,0,1786
2045,4,352606,80407,0,150,1904,0,0,0,0,0,0,0,0,0,0,1786
2046,0,0,0,0,0,0,0,0,0,0,0,0,0,0,0,0,1843
2047,0,352782,0,0,0,0,0,0,0,0,0,0,0,0,0,0,1844
2048,0,352779,0,0,0,0,0,0,0,0,0,0,0,0,0,0,1845
2049,0,0,0,0,0,0,0,0,0,0,0,0,0,0,0,0,1846
2050,0,0,0,0,0,0,0,0,0,0,0,0,0,0,0,0,1847
2051,0,352786,0,0,0,0,0,0,0,0,0,0,0,0,0,0,1848
2052,0,0,0,0,0,0,0,0,0,0,0,0,0,0,0,0,1849
2053,0,352800,0,0,0,0,0,0,0,0,0,0,0,0,0,0,1850
2054,0,352806,0,0,0,0,0,0,0,0,0,0,0,0,0,0,1851
2055,0,0,0,0,0,0,0,0,0,0,0,0,0,0,0,0,1852
2056,0,0,0,0,0,0,0,0,0,0,0,0,0,0,0,0,1853
2057,0,352805,0,0,0,0,0,0,0,0,0,0,0,0,0,0,1854
2058,0,0,0,0,0,0,0,0,0,0,0,0,0,0,0,0,1855
2059,0,352365,0,0,0,0,0,0,0,0,0,0,0,0,0,0,1856
2060,1,352941,80407,0,40,1904,0,0,0,0,0,0,0,0,0,0,1793
2061,2,352942,80407,0,70,1904,0,0,0,0,0,0,0,0,0,0,1793
2062,3,352943,80407,0,100,1904,0,0,0,0,0,0,0,0,0,0,1793
2063,4,352944,80407,0,150,1904,0,0,0,0,0,0,0,0,0,0,1793
2066,1,354590,80407,0,80,1904,0,0,0,0,0,0,0,0,0,0,1790
2067,1,352951,80407,0,40,1904,0,0,0,0,0,0,0,0,0,0,1791
2068,2,352952,80407,0,70,1904,0,0,0,0,0,0,0,0,0,0,1791
2069,0,352415,0,0,0,0,0,0,0,0,0,0,0,0,0,0,1857
2070,0,0,0,0,0,0,0,0,0,0,0,0,0,0,0,0,1858
2071,0,0,0,0,0,0,0,0,0,0,0,0,0,0,0,0,1859
2072,0,352417,0,0,0,0,0,0,0,0,0,0,0,0,0,0,1860
2073,0,352954,80407,0,20,1904,0,0,0,0,0,0,0,0,0,0,1861
2074,1,352955,80407,0,40,1904,0,0,0,0,0,0,0,0,0,0,1861
2075,2,352956,80407,0,70,1904,0,0,0,0,0,0,0,0,0,0,1861
2076,3,352957,80407,0,100,1904,0,0,0,0,0,0,0,0,0,0,1861
2077,4,352958,80407,0,150,1904,0,0,0,0,0,0,0,0,0,0,1861
2080,0,352961,80407,0,40,1904,0,0,0,0,0,0,0,0,0,0,1863
2081,1,352963,80407,0,100,1904,0,0,0,0,0,0,0,0,0,0,1863
2083,0,352966,80407,0,40,1904,0,0,0,0,0,0,0,0,0,0,1864
2084,1,352967,80407,0,80,1904,0,0,0,0,0,0,0,0,0,0,1864
2085,2,352968,80407,0,150,1904,0,0,0,0,0,0,0,0,0,0,1864
2086,0,352972,80407,0,50,1904,0,0,0,0,0,0,0,0,0,0,1865
2087,0,0,0,0,0,0,0,0,0,0,0,0,0,0,0,0,1866
2088,0,352405,0,0,0,0,0,0,0,0,0,0,0,0,0,0,1867
2089,0,352366,0,0,0,0,0,0,0,0,0,0,0,0,0,0,1868
2090,0,0,0,0,0,0,0,0,0,0,0,0,0,0,0,0,1869
2091,0,0,0,0,0,0,0,0,0,0,0,0,0,0,0,0,1870
2092,0,352373,0,0,0,0,0,0,0,0,0,0,0,0,0,0,1871
2093,0,0,0,0,0,0,0,0,0,0,0,0,0,0,0,0,1872
2094,0,351747,0,0,0,0,0,0,0,0,0,0,0,0,0,0,1873
2095,0,351748,0,0,0,0,0,0,0,0,0,0,0,0,0,0,1874
2096,0,0,0,0,0,0,0,0,0,0,0,0,0,0,0,0,1875
2097,0,0,0,0,0,0,0,0,0,0,0,0,0,0,0,0,1876
2098,0,351750,0,0,0,0,0,0,0,0,0,0,0,0,0,0,1877
2099,0,352975,80407,0,250,1904,0,0,0,0,0,0,0,0,0,0,1878
2102,1,354810,80407,0,60,1904,0,0,0,0,0,0,0,0,0,0,1787
2104,1,355286,80407,0,50,1904,0,0,0,0,0,0,0,0,0,0,1792
2105,2,355292,80407,0,80,1904,0,0,0,0,0,0,0,0,0,0,1792
2106,1,355374,80407,0,100,1904,0,0,0,0,0,0,0,0,0,0,1865
2107,2,355375,80407,0,200,1904,0,0,0,0,0,0,0,0,0,0,1865
2108,0,0,0,0,0,0,0,0,0,0,0,0,0,0,0,0,1881
2109,0,0,0,0,0,0,0,0,0,0,0,0,0,0,0,0,1882
2110,0,0,0,0,0,0,0,0,0,0,0,0,0,0,0,0,1883
2111,0,0,0,0,0,0,0,0,0,0,0,0,0,0,0,0,1884
2112,0,0,0,0,0,0,0,0,0,0,0,0,0,0,0,0,1885
2113,0,0,0,0,0,0,0,0,0,0,0,0,0,0,0,0,1886
2114,0,0,0,0,0,0,0,0,0,0,0,0,0,0,0,0,1887
2117,0,0,0,0,0,0,0,0,0,0,0,0,0,0,0,0,1888
2118,1,0,0,0,0,0,0,0,0,0,0,0,0,0,0,0,1888
2119,2,0,0,0,0,0,0,0,0,0,0,0,0,0,0,0,1888
2120,0,0,0,0,0,0,0,0,0,0,0,0,0,0,0,0,1889
2121,0,355287,0,0,0,0,0,0,0,0,0,0,0,0,0,0,1890
2122,0,0,0,0,0,0,0,0,0,0,0,0,0,0,0,0,1891
2123,1,0,0,0,0,0,0,0,0,0,0,0,0,0,0,0,1891
2124,2,0,0,0,0,0,0,0,0,0,0,0,0,0,0,0,1891
2125,0,0,0,0,0,0,0,0,0,0,0,0,0,0,0,0,1892
2126,1,0,0,0,0,0,0,0,0,0,0,0,0,0,0,0,1892
2127,2,0,0,0,0,0,0,0,0,0,0,0,0,0,0,0,1892
2128,0,0,0,0,0,0,0,0,0,0,0,0,0,0,0,0,1893
2129,0,357797,0,0,0,0,0,0,0,0,0,0,0,0,0,0,1894
2130,0,0,0,0,0,0,0,0,0,0,0,0,0,0,0,0,1895
2131,1,0,0,0,0,0,0,0,0,0,0,0,0,0,0,0,1895
2132,2,0,0,0,0,0,0,0,0,0,0,0,0,0,0,0,1895
2133,0,0,0,0,0,0,0,0,0,0,0,0,0,0,0,0,1896
2134,0,0,0,0,0,0,0,0,0,0,0,0,0,0,0,0,1897
2135,0,0,0,0,0,0,0,0,0,0,0,0,0,0,0,0,1898
2136,0,0,0,0,0,0,0,0,0,0,0,0,0,0,0,0,1899
2137,0,0,0,0,0,0,0,0,0,0,0,0,0,0,0,0,1900
2140,0,0,0,0,5,1979,0,0,0,0,0,0,0,0,0,0,1901
2141,0,361948,0,0,160,1979,0,496800,0,0,0,0,0,0,0,0,1902
2143,0,362067,0,0,45,1979,0,64800,0,0,0,0,0,0,0,0,1904
2148,0,362791,0,0,260,1979,0,324000,0,0,0,0,0,0,0,0,1907
2162,0,0,0,0,0,0,0,0,0,0,0,0,0,0,0,0,1913
2163,0,0,0,0,0,0,0,0,0,0,0,0,0,0,0,0,1914
2164,0,0,0,0,0,0,0,0,0,0,0,0,0,0,0,0,1915
2165,0,0,0,0,0,0,0,0,0,0,0,0,0,0,0,0,1916
2166,0,0,0,0,0,0,0,0,0,0,0,0,0,0,0,0,1917
2167,0,0,0,0,0,0,0,0,0,0,0,0,0,0,0,0,1918
2168,0,0,0,0,0,0,0,0,0,0,0,0,0,0,0,0,1919
2169,0,0,0,0,0,0,0,0,0,0,0,0,0,0,0,0,1920
2170,0,0,0,0,0,0,0,0,0,0,0,0,0,0,0,0,1921
2171,0,0,0,0,0,0,0,0,0,0,0,0,0,0,0,0,1922
2172,0,0,0,0,0,0,0,0,0,0,0,0,0,0,0,0,1923
2173,0,0,0,0,0,0,0,0,0,0,0,0,0,0,0,0,1924
2174,0,0,0,0,0,0,0,0,0,0,0,0,0,0,0,0,1925
2175,0,0,0,0,0,0,0,0,0,0,0,0,0,0,0,0,1926
2176,0,0,0,0,0,0,0,0,0,0,0,0,0,0,0,0,1927
2177,0,0,0,0,0,0,0,0,0,0,0,0,0,0,0,0,1928
2178,0,0,0,0,0,0,0,0,0,0,0,0,0,0,0,0,1929
2179,0,0,0,0,0,0,0,0,0,0,0,0,0,0,0,0,1930
2180,0,362785,0,0,220,1979,0,496800,0,0,0,0,0,0,0,0,1931
2181,0,362790,0,0,200,1979,0,324000,0,0,0,0,0,0,0,0,1932
2183,0,0,0,0,0,0,0,0,0,0,0,0,0,0,0,0,1934
2184,0,0,0,0,0,0,0,0,0,0,0,0,0,0,0,0,1935
2185,0,0,0,0,0,0,0,0,0,0,0,0,0,0,0,0,1936
2186,0,0,0,0,0,0,0,0,0,0,0,0,0,0,0,0,1937
2187,1,0,0,0,0,0,0,0,0,0,0,0,0,0,0,0,1937
2188,2,0,0,0,0,0,0,0,0,0,0,0,0,0,0,0,1937
2189,0,0,0,0,0,0,0,0,0,0,0,0,0,0,0,0,1938
2190,0,0,0,0,0,0,0,0,0,0,0,0,0,0,0,0,1939
2191,1,0,0,0,0,0,0,0,0,0,0,0,0,0,0,0,1939
2192,2,0,0,0,0,0,0,0,0,0,0,0,0,0,0,0,1939
2193,0,0,0,0,0,1810,0,0,0,0,0,0,0,0,0,0,1940
2196,0,0,0,0,0,1810,0,0,0,0,0,0,0,0,0,0,1941
2199,0,0,0,0,0,0,0,0,0,0,0,0,0,0,0,0,1942
2200,0,354474,0,0,0,0,0,0,0,0,0,0,0,0,0,0,1943
2201,0,357797,0,0,0,0,0,0,0,0,0,0,0,0,0,0,1944
2202,1,0,0,0,0,1810,0,0,0,0,0,0,0,0,0,0,1941
2203,2,0,0,0,0,1810,0,0,0,0,0,0,0,0,0,0,1941
2204,1,0,0,0,0,1810,0,0,0,0,0,0,0,0,0,0,1940
2205,2,0,0,0,0,1810,0,0,0,0,0,0,0,0,0,0,1940
2209,0,0,0,0,3,1979,0,10,3,1979,0,10,0,0,7,7,1948
2210,0,0,0,0,3,1979,0,10,3,1979,0,10,0,0,0,0,1949
2211,0,0,0,0,3,1979,0,10,3,1979,0,10,0,0,0,0,1950
2212,0,0,0,0,3,1979,0,10,3,1979,0,10,0,0,0,0,1951
2213,0,0,0,0,3,4,0,10,3,1979,0,10,0,0,0,0,1952
2214,0,0,0,0,3,1979,0,10,3,1979,0,10,0,0,0,0,1953
2215,0,0,0,0,0,0,0,0,0,0,0,0,0,0,0,0,1954
2216,0,0,0,0,0,0,0,0,0,0,0,0,0,0,0,0,1955
2217,0,0,0,0,0,0,0,0,0,0,0,0,0,0,0,0,1956
2218,0,0,0,0,0,0,0,0,0,0,0,0,0,0,0,0,1957
2219,0,0,0,0,0,0,0,0,0,0,0,0,0,0,0,0,1958
2220,0,0,0,0,3,1979,0,10,3,1979,0,10,0,0,0,0,1959
2221,0,0,0,0,0,0,0,0,0,0,0,0,0,0,0,0,1960
2222,0,0,0,0,0,0,0,0,0,0,0,0,0,0,0,0,1961
2223,0,0,0,0,130,1979,0,5,0,0,0,0,0,0,0,0,1969
2224,0,0,0,0,40,1979,0,5,0,0,0,0,0,0,0,0,1970
2226,0,0,0,0,60,1979,0,5,0,0,0,0,0,0,0,0,1971
2228,0,0,0,0,45,1979,0,3600,0,0,0,0,0,0,0,0,1972
2232,0,359933,0,0,0,0,0,0,0,0,0,0,0,0,0,0,1975
2233,0,364160,93264,0,25,1979,0,5,0,0,0,0,0,0,0,0,1976
2237,0,364625,93264,0,105,1979,0,5,0,0,0,0,0,0,0,0,1980
2238,1,364626,93264,0,115,1979,0,5,0,0,0,0,0,0,0,0,1980
2239,2,364629,93264,0,125,1979,0,5,0,0,0,0,0,0,0,0,1980
2243,0,364651,93264,0,95,1979,0,5,0,0,0,0,0,0,0,0,1982
2244,1,364653,93264,0,105,1979,0,5,0,0,0,0,0,0,0,0,1982
2245,2,364654,93264,0,125,1979,0,5,0,0,0,0,0,0,0,0,1982
2246,0,363929,93264,0,75,1979,0,5,0,0,0,0,0,0,0,0,1983
2247,1,364011,93264,0,95,1979,0,5,0,0,0,0,0,0,0,0,1983
2248,2,364012,93264,0,130,1979,0,5,0,0,0,0,0,0,0,0,1983
2253,0,365392,93264,0,115,1979,0,5,0,0,0,0,0,0,0,0,1988
2255,0,365402,93264,0,70,1979,0,5,0,0,0,0,0,0,0,0,1989
2256,1,365403,93264,0,80,1979,0,5,0,0,0,0,0,0,0,0,1989
2257,0,364158,93264,0,65,1979,0,5,0,0,0,0,0,0,0,0,1990
2258,1,365238,93264,0,70,1979,0,5,0,0,0,0,0,0,0,0,1990
2259,0,365332,93264,0,70,1979,0,5,0,0,0,0,0,0,0,0,1991
2260,1,365335,93264,0,95,1979,0,5,0,0,0,0,0,0,0,0,1991
2261,0,364606,93264,0,110,1979,0,5,0,0,0,0,0,0,0,0,1992
2262,1,364607,93264,0,125,1979,0,5,0,0,0,0,0,0,0,0,1992
2264,0,364610,93264,0,100,1979,0,5,0,0,0,0,0,0,0,0,1993
2265,1,364611,93264,0,175,1979,0,5,0,0,0,0,0,0,0,0,1993
2273,0,364166,93264,0,80,1979,0,5,0,0,0,0,0,0,0,0,1997
2274,1,364168,93264,0,120,1979,0,5,0,0,0,0,0,0,0,0,1997
2275,2,364169,93264,0,130,1979,0,5,0,0,0,0,0,0,0,0,1997
2276,0,363546,93264,0,125,1979,0,151200,0,0,0,0,0,0,0,0,1998
2277,1,363547,93264,0,135,1979,0,151200,0,0,0,0,0,0,0,0,1998
2278,2,363548,93264,0,145,1979,0,237600,0,0,0,0,0,0,0,0,1998
2280,0,361153,0,0,0,0,0,0,0,0,0,0,0,0,0,0,2000
2281,0,361584,0,0,0,0,0,0,0,0,0,0,0,0,0,0,2001
2282,0,361720,0,0,0,0,0,0,0,0,0,0,0,0,0,0,2002
2283,0,0,0,0,0,0,0,0,0,0,0,0,0,0,0,0,2003
2284,0,0,0,0,0,0,0,0,0,0,0,0,0,0,0,0,2004
2285,0,0,0,0,0,0,0,0,0,0,0,0,0,0,0,0,2005
2286,0,0,0,0,0,0,0,0,0,0,0,0,0,0,0,0,2006
2297,0,0,0,0,0,0,0,0,0,0,0,0,0,0,0,0,2017
2298,0,0,0,0,0,0,0,0,0,0,0,0,0,0,0,0,2018
2299,0,0,0,0,0,0,0,0,0,0,0,0,0,0,0,0,2019
2300,0,0,0,0,0,0,0,0,0,0,0,0,0,0,0,0,2020
2301,0,0,0,0,0,0,0,0,0,0,0,0,0,0,0,0,2021
2302,0,0,0,0,0,0,0,0,0,0,0,0,0,0,0,0,2022
2303,0,0,0,0,0,0,0,0,0,0,0,0,0,0,0,0,2023
2304,0,0,0,0,0,0,0,0,0,0,0,0,0,0,0,0,2024
2305,0,0,0,0,0,0,0,0,0,0,0,0,0,0,0,0,2025
2306,0,0,0,0,0,0,0,0,0,0,0,0,0,0,0,0,2026
2307,0,0,0,0,0,0,0,0,0,0,0,0,0,0,0,0,2027
2308,0,0,0,0,0,0,0,0,0,0,0,0,0,0,0,0,2028
2309,0,0,0,0,0,0,0,0,0,0,0,0,0,0,0,0,2029
2310,0,0,0,0,0,0,0,0,0,0,0,0,0,0,0,0,2030
2311,0,0,0,0,0,0,0,0,0,0,0,0,0,0,0,0,2031
2312,0,0,0,0,0,0,0,0,0,0,0,0,0,0,0,0,2032
2313,0,0,0,0,0,0,0,0,0,0,0,0,0,0,0,0,2033
2316,0,0,0,0,0,0,0,0,0,0,0,0,0,0,0,0,2036
2317,0,0,0,0,0,0,0,0,0,0,0,0,0,0,0,0,2037
2318,0,0,0,0,0,0,0,0,0,0,0,0,0,0,0,0,2038
2319,0,0,0,0,0,0,0,0,0,0,0,0,0,0,0,0,2039
2320,0,0,0,0,0,0,0,0,0,0,0,0,0,0,0,0,2040
2322,0,0,0,0,0,0,0,0,0,0,0,0,0,0,0,0,2042
2327,1,364148,93264,0,80,1979,0,5,0,0,0,0,0,0,0,0,1976
2328,2,364150,93264,0,100,1979,0,5,0,0,0,0,0,0,0,0,1976
2329,2,365393,93264,0,85,1979,0,5,0,0,0,0,0,0,0,0,1990
2330,2,365394,93264,0,100,1979,0,5,0,0,0,0,0,0,0,0,1991
2331,2,367348,93264,0,95,1979,0,5,0,0,0,0,0,0,0,0,1989
2333,3,364151,93264,0,110,1979,0,5,0,0,0,0,0,0,0,0,1976
2334,0,367154,0,0,500,2011,0,0,0,0,0,0,0,0,0,0,2045
2335,0,367498,0,0,500,2011,0,0,0,0,0,0,0,0,0,0,2046
2336,0,0,0,0,1000,2011,0,0,0,0,0,0,0,0,0,0,2047
2337,0,0,0,0,1000,2011,0,0,0,0,0,0,0,0,0,0,2048
2338,0,0,0,0,500,2011,0,0,0,0,0,0,0,0,0,0,2049
2346,0,0,0,0,0,0,0,0,0,0,0,0,0,0,0,0,2057
2347,0,0,0,0,0,0,0,0,0,0,0,0,0,0,0,0,2058
2350,0,0,0,0,0,0,0,0,0,0,0,0,0,0,0,0,2061
2351,0,0,0,0,0,0,0,0,0,0,0,0,0,0,0,0,2062
2352,0,0,0,0,0,0,0,0,0,0,0,0,0,0,0,0,2063
2353,0,0,0,0,0,0,0,0,0,0,0,0,0,0,0,0,2064
2354,0,0,0,0,0,0,0,0,0,0,0,0,0,0,0,0,2065
2355,0,0,0,0,0,0,0,0,0,0,0,0,0,0,0,0,2066
2358,0,0,0,0,0,0,0,0,0,0,0,0,0,0,0,0,2069
2359,0,0,0,0,0,0,0,0,0,0,0,0,0,0,0,0,2070
2361,0,0,0,0,0,0,0,0,0,0,0,0,0,0,0,0,2072
2362,0,0,0,0,0,0,0,0,0,0,0,0,0,0,0,0,2073
2367,0,0,0,0,0,0,0,0,0,0,0,0,0,0,0,0,2078
2368,0,0,0,0,0,0,0,0,0,0,0,0,0,0,0,0,2079
2369,0,0,0,0,0,0,0,0,0,0,0,0,0,0,0,0,2080
2370,0,0,0,0,0,0,0,0,0,0,0,0,0,0,0,0,2081
2371,0,0,0,0,0,0,0,0,0,0,0,0,0,0,0,0,2082
2372,0,0,96355,0,0,0,0,0,0,0,0,0,0,0,0,0,2083
2373,0,0,96355,0,0,0,0,0,0,0,0,0,0,0,0,0,2084
2374,0,0,96355,0,0,0,0,0,0,0,0,0,0,0,0,0,2085
2375,0,0,0,0,0,0,0,0,0,0,0,0,0,0,0,0,2086
2376,0,0,0,0,0,0,0,0,0,0,0,0,0,0,0,0,2087
2377,0,0,0,0,0,0,0,0,0,0,0,0,0,0,0,0,2088
2378,0,0,0,0,0,0,0,0,0,0,0,0,0,0,0,0,2089
2379,0,0,0,0,0,0,0,0,0,0,0,0,0,0,0,0,2090
2380,0,0,0,0,0,0,0,0,0,0,0,0,0,0,0,0,2091
2381,0,0,0,0,0,0,0,0,0,0,0,0,0,0,0,0,2092
2382,0,0,0,0,0,0,0,0,0,0,0,0,0,0,0,0,2093
2383,0,0,0,0,0,0,0,0,0,0,0,0,0,0,0,0,2094
2384,0,0,0,0,0,0,0,0,0,0,0,0,0,0,0,0,2095
2385,0,0,0,0,0,0,0,0,0,0,0,0,0,0,0,0,2096
2386,0,378408,0,0,0,0,0,0,0,0,0,0,0,0,0,0,2097
2387,0,0,0,0,0,0,0,0,0,0,0,0,0,0,0,0,2098
2388,0,0,0,0,0,0,0,0,0,0,0,0,0,0,0,0,2099
2389,0,0,0,0,0,0,0,0,0,0,0,0,0,0,0,0,2100
2390,0,0,0,0,0,0,0,0,0,0,0,0,0,0,0,0,2101
2391,0,0,0,0,0,0,0,0,0,0,0,0,0,0,0,0,2102
2392,0,0,0,0,0,0,0,0,0,0,0,0,0,0,0,0,2103
2393,0,0,0,0,0,0,0,0,0,0,0,0,0,0,0,0,2104
2399,0,0,0,0,0,0,0,0,0,0,0,0,0,0,0,0,2110
2400,0,0,0,0,0,0,0,0,0,0,0,0,0,0,0,0,2111
2401,0,0,0,0,0,0,0,0,0,0,0,0,0,0,0,0,2112
2402,0,0,0,0,0,0,0,0,0,0,0,0,0,0,0,0,2113
2403,0,0,0,0,0,0,0,0,0,0,0,0,0,0,0,0,2114
2404,0,0,0,0,0,0,0,0,0,0,0,0,0,0,0,0,2115
2412,0,0,0,0,0,0,0,0,0,0,0,0,0,0,0,0,2123
2413,0,0,0,0,0,0,0,0,0,0,0,0,0,0,0,0,2124
2414,0,0,0,0,0,0,0,0,0,0,0,0,0,0,0,0,2125
2415,0,0,0,0,0,0,0,0,0,0,0,0,0,0,0,0,2126
2417,0,0,0,0,0,0,0,0,0,0,0,0,0,0,0,0,2128
2418,0,0,0,0,0,0,0,0,0,0,0,0,0,0,0,0,2129
2419,0,0,0,0,0,0,0,0,0,0,0,0,0,0,0,0,2130
2420,0,0,0,0,0,0,0,0,0,0,0,0,0,0,0,0,2131
2424,0,0,0,0,0,0,0,0,0,0,0,0,0,0,0,0,2135
2425,0,0,0,0,0,0,0,0,0,0,0,0,0,0,0,0,2136
2426,0,0,0,0,0,0,0,0,0,0,0,0,0,0,0,0,2137
2429,0,0,0,0,0,0,0,0,0,0,0,0,0,0,0,0,2140
2430,0,0,0,0,0,0,0,0,0,0,0,0,0,0,0,0,2141
2431,0,0,0,0,0,0,0,0,0,0,0,0,0,0,0,0,2142
2432,0,0,0,0,0,0,0,0,0,0,0,0,0,0,0,0,2143
2433,0,0,0,0,0,0,0,0,0,0,0,0,0,0,0,0,2144
2446,0,0,0,0,0,0,0,0,0,0,0,0,0,0,0,0,2149
2447,0,0,0,0,0,0,0,0,0,0,0,0,0,0,0,0,2150
2448,0,0,0,0,0,0,0,0,0,0,0,0,0,0,0,0,2151
2449,0,0,0,0,0,0,0,0,0,0,0,0,0,0,0,0,2152
2450,0,0,0,0,0,0,0,0,50,2003,0,0,0,0,0,0,2153
2451,0,0,0,0,0,0,0,0,50,2003,0,0,0,0,0,0,2154
2453,1,0,0,0,0,0,0,0,50,2003,0,0,0,0,0,0,2152
2454,1,0,0,0,0,0,0,0,0,0,0,0,0,0,0,0,2153
2455,1,0,0,0,0,0,0,0,0,0,0,0,0,0,0,0,2154
2456,0,0,0,0,0,0,0,0,0,0,0,0,0,0,0,0,2155
2457,0,0,0,0,0,0,0,0,0,0,0,0,0,0,0,0,2156
2458,0,0,0,0,0,0,0,0,0,0,0,0,0,0,0,0,2157
2459,0,0,0,0,0,0,0,0,0,0,0,0,0,0,0,0,2158
2460,0,0,0,0,0,0,0,0,0,0,0,0,0,0,0,0,2159
2465,0,0,0,0,100,2003,0,0,0,0,0,0,0,0,0,0,2164
2466,0,382499,0,0,200,2003,0,0,0,0,0,0,0,0,0,0,2165
2467,0,382501,0,0,1000,2003,0,0,0,0,0,0,0,0,0,0,2166
2468,0,0,0,0,500,2003,0,0,0,0,0,0,0,0,0,0,2167
2469,0,0,0,0,1000,2003,0,0,0,0,0,0,0,0,0,0,2168
2470,0,0,0,0,2000,2003,0,0,0,0,0,0,0,0,0,0,2169
2471,0,0,0,0,200,2003,0,0,0,0,0,0,0,0,0,0,2170
2472,0,0,0,0,200,2003,0,0,0,0,0,0,0,0,0,0,2171
2473,0,0,0,0,500,2003,0,0,0,0,0,0,0,0,0,0,2172
2474,0,0,0,0,3000,2003,0,0,0,0,0,0,0,0,0,0,2173
2475,0,0,0,0,2000,2003,0,0,0,0,0,0,0,0,0,0,2174
2479,0,0,0,0,0,0,0,0,0,0,0,0,0,0,0,0,2176
2480,0,0,0,0,0,0,0,0,0,0,0,0,0,0,0,0,2177
2481,0,0,0,0,0,0,0,0,0,0,0,0,0,0,0,0,2178
2482,0,0,0,0,0,0,0,0,0,0,0,0,0,0,0,0,2179
2483,0,0,0,0,0,0,0,0,0,0,0,0,0,0,0,0,2180
2484,0,0,0,0,0,0,0,0,0,0,0,0,0,0,0,0,2181
2485,0,0,0,0,0,0,0,0,0,0,0,0,0,0,0,0,2182
2486,0,0,0,0,0,0,0,0,0,0,0,0,0,0,0,0,2183
2487,0,0,0,0,0,0,0,0,0,0,0,0,0,0,0,0,2184
2490,0,0,0,0,0,0,0,0,0,0,0,0,0,0,0,0,2187
2491,0,0,0,0,0,0,0,0,0,0,0,0,0,0,0,0,2188
2492,0,0,0,0,0,0,0,0,0,0,0,0,0,0,0,0,2189
2493,0,387168,97501,0,0,0,0,0,0,0,0,0,0,0,0,0,2190
2494,0,387168,97501,0,0,0,0,0,0,0,0,0,0,0,0,0,2191
2495,0,387168,97501,0,0,0,0,0,0,0,0,0,0,0,0,0,2192
2496,0,387168,97501,0,0,0,0,0,0,0,0,0,0,0,0,0,2193
2497,0,0,0,0,0,0,0,0,0,0,0,0,0,0,0,0,2194
2498,0,0,0,0,0,0,0,0,0,0,0,0,0,0,0,0,2195
2499,0,0,0,0,0,0,0,0,0,0,0,0,0,0,0,0,2196
2500,0,0,0,0,0,0,0,0,0,0,0,0,0,0,0,0,2197
2501,0,0,0,0,0,0,0,0,0,0,0,0,0,0,0,0,2198
2502,0,0,0,0,0,0,0,0,0,0,0,0,0,0,0,0,2199
2503,0,0,0,0,0,0,0,0,0,0,0,0,0,0,0,0,2200
2504,0,0,0,0,0,0,0,0,0,0,0,0,0,0,0,0,2201
2505,0,0,0,0,0,0,0,0,0,0,0,0,0,0,0,0,2202
2506,0,0,0,0,0,0,0,0,0,0,0,0,0,0,0,0,2203
2507,0,0,0,0,0,0,0,0,0,0,0,0,0,0,0,0,2204
2508,0,0,0,0,0,0,0,0,0,0,0,0,0,0,0,0,2205
2509,0,0,0,0,0,0,0,0,0,0,0,0,0,0,0,0,2206
2510,0,0,0,0,0,0,0,0,0,0,0,0,0,0,0,0,2207
2511,1,0,0,0,0,0,0,0,0,0,0,0,0,0,0,0,2197
2512,1,0,0,0,0,0,0,0,0,0,0,0,0,0,0,0,2198
2514,0,0,0,0,25,2003,0,0,0,0,0,0,0,0,0,0,2209
2515,0,0,0,0,100,2003,0,0,0,0,0,0,0,0,0,0,2210
2516,0,0,0,0,200,2003,0,0,0,0,0,0,0,0,0,0,2211
2517,0,0,0,0,200,2003,0,0,0,0,0,0,0,0,0,0,2212
2519,0,0,0,0,500,2003,0,0,0,0,0,0,0,0,0,0,2213
2520,0,0,0,0,500,2003,0,0,0,0,0,0,0,0,0,0,2214
2521,0,0,0,0,1,2003,0,0,0,0,0,0,0,0,0,0,2215
2522,0,0,0,0,0,0,0,0,0,0,0,0,0,0,0,0,2216
2527,0,0,0,0,0,0,0,0,0,0,0,0,0,0,0,0,2221
2528,0,0,0,0,0,0,0,0,0,0,0,0,0,0,0,0,2222
